variant10033.c,10
variant10033_1.c,10
variant10033_2.c,10
variant10033_3.c,10
variant10033_4.c,10
variant10033_5.c,10
variant10033_6.c,10
variant10033_7.c,10
variant10033_8.c,10
variant10062.c,10
variant10062_1.c,10
variant10062_2.c,10
variant10062_3.c,10
variant10062_4.c,10
variant10062_5.c,10
variant10062_6.c,10
variant10062_7.c,10
variant10062_8.c,10
variant10072.c,10
variant10072_2.c,10
variant10072_4.c,10
variant10072_5.c,10
variant10080.c,20
variant10080_1.c,10
variant10080_2.c,10
variant10080_3.c,10
variant10080_4.c,10
variant10080_5.c,10
variant10080_6.c,10
variant10080_7.c,10
variant10080_8.c,2
variant10104.c,9
variant10104_1.c,9
variant10104_2.c,9
variant10104_3.c,9
variant10104_4.c,9
variant10104_5.c,9
variant10104_6.c,9
variant10104_7.c,9
variant10104_8.c,9
variant10131.c,10
variant10131_1.c,10
variant10131_2.c,10
variant10131_3.c,10
variant10131_4.c,10
variant10131_5.c,10
variant10131_6.c,10
variant10131_7.c,10
variant10131_8.c,10
variant10162.c,9
variant10162_1.c,9
variant10162_2.c,9
variant10162_3.c,9
variant10162_4.c,9
variant10162_5.c,9
variant10162_6.c,9
variant10162_7.c,9
variant10162_8.c,9
variant10168.c,10
variant10168_1.c,10
variant10168_2.c,10
variant10168_3.c,10
variant10168_4.c,10
variant10168_5.c,10
variant10168_6.c,10
variant10168_7.c,10
variant10168_8.c,10
variant10184.c,10
variant10184_1.c,10
variant10184_2.c,10
variant10184_3.c,10
variant10184_4.c,10
variant10184_5.c,10
variant10184_6.c,10
variant10184_7.c,10
variant10184_8.c,10
variant10218.c,10
variant10218_1.c,10
variant10218_2.c,10
variant10218_3.c,10
variant10218_4.c,10
variant10218_5.c,10
variant10218_6.c,10
variant10218_7.c,10
variant10218_8.c,10
variant10255.c,10
variant10255_1.c,10
variant10255_2.c,10
variant10255_3.c,30
variant10255_4.c,10
variant10255_5.c,20
variant10255_6.c,10
variant10255_7.c,20
variant10255_8.c,20
variant1026.c,10
variant1026_1.c,10
variant1026_2.c,10
variant1026_3.c,10
variant1026_4.c,10
variant1026_5.c,10
variant1026_6.c,10
variant1026_7.c,10
variant1026_8.c,10
variant10350.c,9
variant10350_1.c,9
variant10350_2.c,9
variant10350_3.c,9
variant10350_4.c,9
variant10350_5.c,9
variant10350_6.c,9
variant10350_7.c,9
variant10350_8.c,9
variant10387.c,10
variant10387_1.c,10
variant10387_2.c,10
variant10387_3.c,10
variant10387_4.c,10
variant10387_5.c,10
variant10387_6.c,10
variant10387_7.c,10
variant10387_8.c,10
variant10399.c,10
variant10399_1.c,10
variant10399_2.c,10
variant10399_3.c,10
variant10399_4.c,10
variant10399_5.c,10
variant10399_6.c,10
variant10399_7.c,10
variant10399_8.c,10
variant10435.c,10
variant10435_1.c,10
variant10435_2.c,10
variant10435_3.c,10
variant10435_4.c,10
variant10435_5.c,10
variant10435_6.c,10
variant10435_7.c,10
variant10435_8.c,10
variant10445.c,10
variant10445_1.c,10
variant10445_2.c,10
variant10445_3.c,10
variant10445_4.c,10
variant10445_5.c,10
variant10445_6.c,10
variant10445_7.c,10
variant10445_8.c,10
variant10507.c,9
variant10507_1.c,9
variant10507_2.c,9
variant10507_3.c,9
variant10507_4.c,9
variant10507_5.c,9
variant10507_6.c,9
variant10507_7.c,9
variant10507_8.c,9
variant10544.c,20
variant10544_1.c,9
variant10544_2.c,9
variant10544_3.c,9
variant10544_4.c,9
variant10544_5.c,9
variant10544_6.c,9
variant10544_7.c,20
variant10544_8.c,9
variant10576.c,10
variant10576_1.c,10
variant10576_2.c,10
variant10576_3.c,10
variant10576_4.c,10
variant10576_5.c,10
variant10576_6.c,10
variant10576_7.c,10
variant10576_8.c,10
variant10593.c,10
variant10593_1.c,10
variant10593_2.c,10
variant10593_3.c,10
variant10593_4.c,10
variant10593_5.c,10
variant10593_6.c,10
variant10593_7.c,10
variant10593_8.c,10
variant10654.c,10
variant10654_1.c,10
variant10654_2.c,10
variant10654_3.c,10
variant10654_4.c,10
variant10654_5.c,10
variant10654_6.c,10
variant10654_7.c,10
variant10654_8.c,10
variant10664.c,10
variant10664_1.c,10
variant10664_2.c,10
variant10664_3.c,10
variant10664_4.c,10
variant10664_5.c,10
variant10664_6.c,10
variant10664_7.c,10
variant10664_8.c,10
variant10668.c,10
variant10668_1.c,10
variant10668_2.c,10
variant10668_3.c,10
variant10668_4.c,10
variant10668_5.c,10
variant10668_6.c,10
variant10668_7.c,10
variant10668_8.c,10
variant10679.c,10
variant10679_1.c,10
variant10679_2.c,10
variant10679_3.c,10
variant10679_4.c,10
variant10679_5.c,10
variant10679_6.c,10
variant10679_7.c,10
variant10679_8.c,10
variant10835.c,10
variant10835_1.c,10
variant10835_2.c,20
variant10835_3.c,20
variant10835_4.c,20
variant10835_5.c,10
variant10835_6.c,2
variant10835_7.c,20
variant10835_8.c,10
variant10838.c,10
variant10838_1.c,10
variant10838_2.c,10
variant10838_3.c,10
variant10838_4.c,10
variant10838_5.c,10
variant10838_6.c,10
variant10838_7.c,10
variant10838_8.c,10
variant10908.c,9
variant10908_1.c,9
variant10908_2.c,9
variant10908_3.c,9
variant10908_4.c,9
variant10908_5.c,9
variant10908_6.c,9
variant10908_7.c,9
variant10908_8.c,9
variant10987.c,9
variant10987_1.c,9
variant10987_2.c,9
variant10987_3.c,9
variant10987_4.c,9
variant10987_5.c,9
variant10987_6.c,9
variant10987_7.c,9
variant10987_8.c,9
variant11117.c,9
variant11117_1.c,2
variant11117_2.c,9
variant11117_3.c,2
variant11117_4.c,2
variant11117_5.c,9
variant11117_6.c,9
variant11117_7.c,2
variant11117_8.c,9
variant1116.c,9
variant1116_1.c,9
variant1116_3.c,9
variant1116_4.c,9
variant1116_6.c,9
variant1116_7.c,9
variant1116_8.c,9
variant11177.c,10
variant11177_1.c,10
variant11177_2.c,10
variant11177_3.c,10
variant11177_4.c,10
variant11177_5.c,10
variant11177_6.c,10
variant11177_7.c,10
variant11177_8.c,10
variant11218.c,10
variant11218_1.c,10
variant11218_2.c,10
variant11218_3.c,10
variant11218_4.c,10
variant11218_5.c,10
variant11218_6.c,10
variant11218_7.c,10
variant11218_8.c,10
variant1124.c,10
variant1124_1.c,10
variant1124_2.c,10
variant1124_3.c,10
variant1124_4.c,10
variant1124_5.c,10
variant1124_6.c,10
variant1124_7.c,10
variant1124_8.c,10
variant11248_8.c,30
variant11273.c,10
variant11273_1.c,10
variant11273_2.c,30
variant11273_3.c,10
variant11273_4.c,10
variant11273_5.c,30
variant11273_6.c,10
variant11273_7.c,10
variant11273_8.c,30
variant11298.c,10
variant11298_1.c,10
variant11298_2.c,10
variant11298_3.c,10
variant11298_4.c,2
variant11298_5.c,10
variant11298_6.c,10
variant11298_7.c,10
variant11298_8.c,10
variant11311.c,10
variant11311_1.c,10
variant11311_2.c,10
variant11311_3.c,30
variant11311_4.c,10
variant11311_5.c,10
variant11311_6.c,10
variant11311_7.c,10
variant11311_8.c,10
variant11345.c,10
variant11345_1.c,10
variant11345_2.c,10
variant11345_3.c,10
variant11345_4.c,10
variant11345_5.c,10
variant11345_6.c,10
variant11345_7.c,10
variant11345_8.c,10
variant11349.c,10
variant11349_1.c,10
variant11349_2.c,10
variant11349_3.c,10
variant11349_4.c,10
variant11349_5.c,10
variant11349_6.c,10
variant11349_7.c,10
variant11349_8.c,10
variant11418.c,10
variant11418_1.c,10
variant11418_2.c,10
variant11418_3.c,10
variant11418_4.c,10
variant11418_5.c,10
variant11418_6.c,10
variant11418_7.c,10
variant11418_8.c,10
variant11426.c,10
variant11426_1.c,10
variant11426_2.c,10
variant11426_3.c,10
variant11426_4.c,10
variant11426_5.c,10
variant11426_6.c,10
variant11426_7.c,10
variant11426_8.c,10
variant11430.c,10
variant11430_1.c,10
variant11430_2.c,10
variant11430_3.c,10
variant11430_4.c,10
variant11430_5.c,10
variant11430_6.c,10
variant11430_7.c,10
variant11430_8.c,10
variant1159.c,10
variant1159_1.c,10
variant1159_2.c,10
variant1159_3.c,10
variant1159_4.c,10
variant1159_5.c,10
variant1159_6.c,10
variant1159_7.c,10
variant1159_8.c,10
variant11597.c,9
variant11597_1.c,9
variant11597_2.c,9
variant11597_3.c,9
variant11597_4.c,9
variant11597_5.c,9
variant11597_6.c,9
variant11597_7.c,9
variant11597_8.c,9
variant11628.c,10
variant11628_1.c,10
variant11628_2.c,10
variant11628_3.c,10
variant11628_4.c,10
variant11628_5.c,10
variant11628_6.c,10
variant11628_7.c,10
variant11628_8.c,10
variant11657.c,10
variant11657_3.c,10
variant11657_5.c,10
variant11657_6.c,10
variant11657_7.c,10
variant11657_8.c,10
variant11717.c,10
variant11717_1.c,20
variant11717_2.c,10
variant11717_3.c,10
variant11717_4.c,10
variant11717_5.c,10
variant11717_6.c,10
variant11717_7.c,10
variant11717_8.c,10
variant1187.c,10
variant1187_1.c,10
variant1187_2.c,10
variant1187_3.c,10
variant1187_4.c,10
variant1187_5.c,10
variant1187_6.c,10
variant1187_7.c,10
variant1187_8.c,10
variant11974.c,10
variant11974_1.c,10
variant11974_2.c,10
variant11974_3.c,10
variant11974_4.c,10
variant11974_5.c,10
variant11974_6.c,10
variant11974_7.c,10
variant11974_8.c,10
variant11991.c,10
variant11991_1.c,10
variant11991_2.c,10
variant11991_3.c,10
variant11991_4.c,10
variant11991_5.c,10
variant11991_6.c,10
variant11991_7.c,10
variant11991_8.c,10
variant11992.c,10
variant11992_1.c,10
variant11992_2.c,10
variant11992_3.c,10
variant11992_4.c,10
variant11992_5.c,10
variant11992_6.c,10
variant11992_7.c,10
variant11992_8.c,10
variant12005.c,10
variant12005_1.c,10
variant12005_2.c,10
variant12005_3.c,10
variant12005_4.c,10
variant12005_5.c,10
variant12005_6.c,10
variant12005_7.c,10
variant12005_8.c,10
variant12033.c,10
variant12033_1.c,10
variant12033_2.c,10
variant12033_3.c,10
variant12033_4.c,10
variant12033_5.c,10
variant12033_6.c,10
variant12033_7.c,10
variant12033_8.c,10
variant12069.c,9
variant12069_1.c,9
variant12069_2.c,9
variant12069_3.c,9
variant12069_4.c,9
variant12069_5.c,9
variant12069_6.c,9
variant12069_7.c,9
variant12069_8.c,9
variant12070.c,10
variant12070_1.c,10
variant12070_2.c,10
variant12070_3.c,10
variant12070_4.c,30
variant12070_5.c,2
variant12070_6.c,10
variant12070_7.c,10
variant12070_8.c,10
variant12092.c,20
variant12092_1.c,20
variant12092_2.c,30
variant12092_3.c,20
variant12092_4.c,20
variant12092_5.c,20
variant12092_6.c,30
variant12092_7.c,20
variant12092_8.c,30
variant12108.c,10
variant12108_1.c,10
variant12108_2.c,10
variant12108_3.c,10
variant12108_4.c,10
variant12108_5.c,10
variant12108_6.c,10
variant12108_7.c,10
variant12108_8.c,10
variant12174.c,10
variant12174_1.c,10
variant12174_2.c,10
variant12174_3.c,10
variant12174_4.c,10
variant12174_5.c,10
variant12174_6.c,10
variant12174_7.c,10
variant12174_8.c,10
variant12233.c,10
variant12233_1.c,10
variant12233_2.c,10
variant12233_3.c,10
variant12233_4.c,10
variant12233_5.c,10
variant12233_6.c,10
variant12233_7.c,10
variant12233_8.c,10
variant12266.c,10
variant12266_1.c,10
variant12266_2.c,10
variant12266_3.c,10
variant12266_4.c,10
variant12266_5.c,30
variant12266_6.c,10
variant12266_7.c,10
variant12266_8.c,10
variant12300.c,9
variant12300_1.c,9
variant12300_2.c,9
variant12300_3.c,9
variant12300_4.c,9
variant12300_5.c,9
variant12300_6.c,9
variant12300_7.c,9
variant12300_8.c,9
variant12373.c,12
variant12373_1.c,10
variant12373_2.c,10
variant12373_3.c,10
variant12373_4.c,10
variant12373_5.c,10
variant12373_6.c,10
variant12373_7.c,10
variant12373_8.c,10
variant12379.c,10
variant12379_1.c,10
variant12379_2.c,10
variant12379_3.c,10
variant12379_4.c,10
variant12379_5.c,10
variant12379_6.c,10
variant12379_7.c,10
variant12379_8.c,10
variant12412_4.c,30
variant12446.c,10
variant12446_1.c,10
variant12446_2.c,10
variant12446_3.c,10
variant12446_4.c,10
variant12446_5.c,10
variant12446_6.c,10
variant12446_7.c,10
variant12446_8.c,10
variant12515.c,12
variant12515_1.c,9
variant12515_2.c,9
variant12515_3.c,9
variant12515_4.c,12
variant12515_5.c,9
variant12515_6.c,9
variant12515_7.c,9
variant12515_8.c,9
variant12635.c,10
variant12635_1.c,10
variant12635_2.c,10
variant12635_3.c,10
variant12635_4.c,10
variant12635_5.c,10
variant12635_6.c,10
variant12635_7.c,10
variant12635_8.c,10
variant12639.c,10
variant12639_1.c,10
variant12639_2.c,10
variant12639_3.c,10
variant12639_4.c,10
variant12639_5.c,10
variant12639_6.c,10
variant12639_7.c,10
variant12639_8.c,10
variant12646.c,20
variant12646_1.c,20
variant12646_4.c,30
variant12646_5.c,20
variant12646_6.c,20
variant12646_7.c,20
variant12646_8.c,30
variant12674.c,9
variant12674_2.c,20
variant12674_5.c,20
variant12674_6.c,20
variant12674_8.c,20
variant12784.c,9
variant12784_1.c,9
variant12784_2.c,9
variant12784_3.c,9
variant12784_4.c,9
variant12784_5.c,9
variant12784_6.c,9
variant12784_7.c,9
variant12784_8.c,9
variant12803.c,10
variant12803_1.c,10
variant12803_2.c,10
variant12803_3.c,10
variant12803_4.c,10
variant12803_5.c,10
variant12803_6.c,10
variant12803_7.c,10
variant12803_8.c,10
variant12824.c,10
variant12824_1.c,10
variant12824_2.c,10
variant12824_3.c,10
variant12824_4.c,10
variant12824_5.c,10
variant12824_6.c,10
variant12824_7.c,10
variant12824_8.c,10
variant12834.c,9
variant12834_1.c,9
variant12834_2.c,9
variant12834_3.c,9
variant12834_4.c,9
variant12834_5.c,9
variant12834_6.c,9
variant12834_7.c,9
variant12834_8.c,9
variant12864.c,10
variant12864_1.c,10
variant12864_2.c,10
variant12864_3.c,10
variant12864_4.c,10
variant12864_5.c,10
variant12864_6.c,10
variant12864_7.c,10
variant12864_8.c,10
variant12924.c,9
variant12924_1.c,9
variant12924_2.c,9
variant12924_3.c,9
variant12924_4.c,9
variant12924_5.c,9
variant12924_6.c,9
variant12924_7.c,9
variant12924_8.c,9
variant12973_4.c,30
variant12978.c,10
variant12978_1.c,10
variant12978_2.c,10
variant12978_3.c,10
variant12978_4.c,10
variant12978_5.c,10
variant12978_6.c,10
variant12978_7.c,10
variant12978_8.c,10
variant1304.c,9
variant1304_1.c,9
variant1304_2.c,9
variant1304_3.c,9
variant1304_4.c,9
variant1304_5.c,9
variant1304_6.c,9
variant1304_7.c,9
variant1304_8.c,9
variant13138.c,10
variant13138_1.c,10
variant13138_2.c,10
variant13138_3.c,10
variant13138_4.c,10
variant13138_5.c,10
variant13138_6.c,10
variant13138_7.c,10
variant13138_8.c,10
variant13145.c,9
variant13145_1.c,9
variant13145_2.c,9
variant13145_3.c,9
variant13145_4.c,9
variant13145_5.c,9
variant13145_6.c,9
variant13145_7.c,9
variant13145_8.c,9
variant13194.c,10
variant13194_1.c,10
variant13194_2.c,12
variant13194_3.c,10
variant13194_4.c,10
variant13194_5.c,10
variant13194_6.c,12
variant13194_7.c,10
variant13194_8.c,10
variant13268.c,9
variant13268_1.c,9
variant13268_2.c,9
variant13268_3.c,9
variant13268_4.c,9
variant13268_5.c,9
variant13268_6.c,9
variant13268_7.c,9
variant13268_8.c,9
variant13287.c,9
variant13287_1.c,9
variant13287_2.c,9
variant13287_3.c,9
variant13287_4.c,9
variant13287_5.c,9
variant13287_6.c,9
variant13287_7.c,9
variant13287_8.c,9
variant13331.c,9
variant13331_1.c,9
variant13331_2.c,9
variant13331_3.c,9
variant13331_4.c,9
variant13331_5.c,9
variant13331_6.c,9
variant13331_7.c,9
variant13331_8.c,9
variant13338.c,10
variant13338_1.c,10
variant13338_2.c,10
variant13338_3.c,10
variant13338_4.c,10
variant13338_5.c,10
variant13338_6.c,10
variant13338_7.c,10
variant13338_8.c,10
variant13344.c,9
variant13344_1.c,9
variant13344_2.c,30
variant13344_3.c,9
variant13344_4.c,9
variant13344_5.c,9
variant13344_6.c,9
variant13344_7.c,9
variant13344_8.c,9
variant13395.c,10
variant13395_1.c,10
variant13395_2.c,10
variant13395_3.c,10
variant13395_4.c,10
variant13395_5.c,10
variant13395_6.c,10
variant13395_7.c,10
variant13395_8.c,10
variant13412.c,9
variant13412_1.c,9
variant13412_2.c,9
variant13412_3.c,9
variant13412_4.c,9
variant13412_5.c,9
variant13412_6.c,9
variant13412_7.c,9
variant13412_8.c,9
variant1342.c,10
variant1342_1.c,10
variant1342_2.c,10
variant1342_3.c,10
variant1342_4.c,10
variant1342_5.c,10
variant1342_6.c,10
variant1342_7.c,2
variant1342_8.c,10
variant13435.c,10
variant13435_1.c,10
variant13435_2.c,10
variant13435_3.c,10
variant13435_4.c,10
variant13435_5.c,10
variant13435_6.c,10
variant13435_7.c,10
variant13435_8.c,10
variant13455.c,9
variant13455_1.c,9
variant13455_2.c,9
variant13455_3.c,9
variant13455_4.c,9
variant13455_5.c,9
variant13455_6.c,9
variant13455_7.c,9
variant13455_8.c,9
variant13566.c,10
variant13566_1.c,10
variant13566_2.c,10
variant13566_3.c,10
variant13566_4.c,10
variant13566_5.c,10
variant13566_6.c,10
variant13566_7.c,10
variant13566_8.c,10
variant13588.c,20
variant13588_1.c,10
variant13588_2.c,10
variant13588_3.c,10
variant13588_4.c,10
variant13588_5.c,10
variant13588_6.c,10
variant13588_7.c,10
variant13588_8.c,10
variant1360.c,10
variant1360_1.c,10
variant1360_2.c,10
variant1360_3.c,10
variant1360_4.c,10
variant1360_5.c,10
variant1360_6.c,10
variant1360_7.c,10
variant1360_8.c,10
variant13633.c,10
variant13633_1.c,10
variant13633_2.c,10
variant13633_3.c,10
variant13633_4.c,10
variant13633_5.c,10
variant13633_6.c,10
variant13633_7.c,10
variant13633_8.c,10
variant13697.c,10
variant13697_1.c,10
variant13697_2.c,10
variant13697_3.c,10
variant13697_4.c,10
variant13697_5.c,10
variant13697_6.c,10
variant13697_7.c,10
variant13697_8.c,10
variant13727.c,9
variant13727_1.c,9
variant13727_2.c,9
variant13727_3.c,9
variant13727_4.c,9
variant13727_5.c,9
variant13727_6.c,9
variant13727_7.c,9
variant13727_8.c,9
variant13757.c,10
variant13757_1.c,10
variant13757_2.c,10
variant13757_3.c,10
variant13757_4.c,10
variant13757_5.c,10
variant13757_6.c,10
variant13757_7.c,10
variant13757_8.c,10
variant13761.c,10
variant13761_1.c,10
variant13761_2.c,10
variant13761_3.c,10
variant13761_4.c,10
variant13761_5.c,10
variant13761_6.c,10
variant13761_7.c,10
variant13761_8.c,10
variant1394.c,10
variant1394_1.c,10
variant1394_2.c,10
variant1394_3.c,10
variant1394_4.c,10
variant1394_5.c,10
variant1394_6.c,10
variant1394_7.c,10
variant1394_8.c,10
variant13948.c,10
variant13948_1.c,10
variant13948_2.c,10
variant13948_3.c,10
variant13948_4.c,10
variant13948_5.c,10
variant13948_6.c,10
variant13948_7.c,10
variant13948_8.c,10
variant13949.c,9
variant13949_1.c,9
variant13949_2.c,9
variant13949_3.c,9
variant13949_4.c,9
variant13949_5.c,9
variant13949_6.c,9
variant13949_7.c,9
variant13949_8.c,9
variant1397.c,10
variant1397_1.c,20
variant1397_2.c,10
variant1397_3.c,10
variant1397_4.c,10
variant1397_5.c,10
variant1397_6.c,20
variant1397_7.c,10
variant1397_8.c,10
variant14006.c,10
variant14006_1.c,10
variant14006_2.c,10
variant14006_3.c,10
variant14006_4.c,10
variant14006_5.c,10
variant14006_6.c,10
variant14006_7.c,10
variant14006_8.c,10
variant14010.c,10
variant14010_1.c,10
variant14010_2.c,10
variant14010_3.c,10
variant14010_4.c,10
variant14010_5.c,10
variant14010_6.c,10
variant14010_7.c,10
variant14010_8.c,10
variant14066.c,10
variant14066_1.c,10
variant14066_2.c,2
variant14066_3.c,10
variant14066_4.c,10
variant14066_5.c,10
variant14066_6.c,10
variant14066_7.c,10
variant14066_8.c,10
variant14134.c,20
variant14134_1.c,20
variant14134_2.c,10
variant14134_3.c,10
variant14134_4.c,10
variant14134_5.c,20
variant14134_6.c,10
variant14134_7.c,20
variant14134_8.c,10
variant14136.c,10
variant14136_1.c,10
variant14136_2.c,10
variant14136_3.c,10
variant14136_4.c,10
variant14136_5.c,10
variant14136_6.c,10
variant14136_7.c,10
variant14136_8.c,10
variant14176.c,20
variant14176_1.c,20
variant14176_2.c,9
variant14176_3.c,9
variant14176_4.c,9
variant14176_5.c,9
variant14176_6.c,20
variant14176_7.c,9
variant14176_8.c,9
variant14239.c,20
variant14239_1.c,30
variant14239_2.c,30
variant14239_3.c,20
variant14239_4.c,30
variant14239_5.c,9
variant14239_6.c,20
variant14239_7.c,20
variant14239_8.c,20
variant14240.c,9
variant14240_1.c,9
variant14240_2.c,9
variant14240_3.c,9
variant14240_4.c,9
variant14240_5.c,9
variant14240_6.c,9
variant14240_7.c,9
variant14240_8.c,9
variant14267.c,9
variant14267_1.c,9
variant14267_2.c,9
variant14267_3.c,9
variant14267_4.c,9
variant14267_5.c,9
variant14267_6.c,9
variant14267_7.c,9
variant14267_8.c,9
variant14345.c,10
variant14345_1.c,10
variant14345_2.c,10
variant14345_3.c,10
variant14345_4.c,10
variant14345_5.c,10
variant14345_6.c,10
variant14345_7.c,10
variant14345_8.c,10
variant14374.c,10
variant14374_1.c,10
variant14374_2.c,10
variant14374_3.c,10
variant14374_4.c,10
variant14374_5.c,10
variant14374_6.c,10
variant14374_7.c,10
variant14374_8.c,10
variant14393.c,10
variant14393_1.c,10
variant14393_2.c,10
variant14393_3.c,10
variant14393_4.c,10
variant14393_5.c,10
variant14393_6.c,10
variant14393_7.c,10
variant14393_8.c,10
variant14423.c,10
variant14423_1.c,10
variant14423_2.c,10
variant14423_3.c,10
variant14423_4.c,10
variant14423_5.c,10
variant14423_6.c,10
variant14423_7.c,10
variant14423_8.c,10
variant14427.c,12
variant14427_1.c,10
variant14427_2.c,10
variant14427_3.c,10
variant14427_4.c,12
variant14427_5.c,10
variant14427_6.c,10
variant14427_7.c,10
variant14427_8.c,10
variant14467.c,10
variant14467_1.c,10
variant14467_2.c,10
variant14467_3.c,10
variant14467_4.c,10
variant14467_5.c,10
variant14467_6.c,10
variant14467_7.c,10
variant14467_8.c,10
variant14636.c,10
variant14636_1.c,10
variant14636_2.c,10
variant14636_3.c,10
variant14636_4.c,10
variant14636_5.c,10
variant14636_6.c,10
variant14636_7.c,10
variant14636_8.c,10
variant14646.c,10
variant14646_1.c,10
variant14646_2.c,10
variant14646_3.c,10
variant14646_4.c,10
variant14646_5.c,10
variant14646_6.c,10
variant14646_7.c,10
variant14646_8.c,10
variant14670.c,10
variant14670_1.c,10
variant14670_2.c,10
variant14670_3.c,10
variant14670_4.c,10
variant14670_5.c,10
variant14670_6.c,10
variant14670_7.c,10
variant14670_8.c,10
variant14689.c,9
variant14689_4.c,9
variant14689_5.c,9
variant14689_6.c,9
variant14689_8.c,9
variant14698.c,10
variant14698_1.c,10
variant14698_2.c,10
variant14698_3.c,10
variant14698_4.c,10
variant14698_5.c,10
variant14698_6.c,10
variant14698_7.c,10
variant14698_8.c,10
variant14843.c,9
variant14843_1.c,9
variant14843_2.c,9
variant14843_3.c,9
variant14843_4.c,9
variant14843_5.c,9
variant14843_6.c,9
variant14843_7.c,9
variant14843_8.c,9
variant14856.c,9
variant14856_1.c,9
variant14856_2.c,9
variant14856_3.c,9
variant14856_4.c,9
variant14856_5.c,9
variant14856_6.c,9
variant14856_7.c,9
variant14856_8.c,9
variant14881.c,20
variant14881_1.c,10
variant14881_2.c,10
variant14881_3.c,10
variant14881_4.c,20
variant14881_5.c,10
variant14881_6.c,10
variant14881_7.c,30
variant14881_8.c,10
variant14952.c,10
variant14952_2.c,10
variant14952_6.c,10
variant14952_7.c,10
variant14967.c,9
variant14967_1.c,20
variant14967_2.c,20
variant14967_3.c,20
variant14967_4.c,20
variant14967_5.c,20
variant14967_6.c,20
variant14967_7.c,20
variant14967_8.c,20
variant15064.c,20
variant15134.c,10
variant15134_1.c,10
variant15134_2.c,10
variant15134_3.c,10
variant15134_4.c,10
variant15134_5.c,10
variant15134_6.c,10
variant15134_7.c,10
variant15134_8.c,10
variant15185.c,9
variant15185_1.c,20
variant15185_2.c,20
variant15185_3.c,20
variant15185_4.c,20
variant15185_5.c,20
variant15185_6.c,20
variant15185_7.c,9
variant15185_8.c,20
variant15190.c,10
variant15190_1.c,10
variant15190_2.c,10
variant15190_3.c,10
variant15190_4.c,10
variant15190_5.c,10
variant15190_6.c,10
variant15190_7.c,10
variant15190_8.c,10
variant15201.c,9
variant15201_1.c,9
variant15201_2.c,9
variant15201_3.c,9
variant15201_4.c,9
variant15201_5.c,9
variant15201_6.c,9
variant15201_7.c,9
variant15201_8.c,9
variant1528.c,10
variant1528_1.c,10
variant1528_2.c,10
variant1528_3.c,10
variant1528_4.c,10
variant1528_5.c,10
variant1528_6.c,10
variant1528_7.c,10
variant1528_8.c,10
variant15364.c,10
variant15364_1.c,10
variant15364_2.c,10
variant15364_3.c,10
variant15364_4.c,10
variant15364_5.c,10
variant15364_6.c,10
variant15364_7.c,10
variant15364_8.c,10
variant15381.c,20
variant15469.c,9
variant15469_1.c,9
variant15469_2.c,9
variant15469_3.c,9
variant15469_4.c,9
variant15469_5.c,9
variant15469_6.c,9
variant15469_7.c,9
variant15469_8.c,9
variant15472.c,10
variant15472_1.c,10
variant15472_2.c,10
variant15472_3.c,10
variant15472_4.c,10
variant15472_5.c,10
variant15472_6.c,10
variant15472_7.c,10
variant15472_8.c,10
variant15475.c,10
variant15475_1.c,10
variant15475_2.c,10
variant15475_3.c,20
variant15475_4.c,20
variant15475_5.c,10
variant15475_6.c,10
variant15475_7.c,10
variant15475_8.c,10
variant15512.c,9
variant15512_1.c,9
variant15512_2.c,9
variant15512_3.c,20
variant15512_4.c,2
variant15512_5.c,2
variant15512_6.c,9
variant15512_7.c,2
variant15512_8.c,2
variant15572.c,20
variant15572_1.c,2
variant15572_2.c,30
variant15572_3.c,9
variant15572_4.c,9
variant15572_5.c,20
variant15572_6.c,9
variant15572_7.c,20
variant15572_8.c,9
variant156.c,10
variant156_1.c,10
variant156_2.c,10
variant156_3.c,10
variant156_4.c,10
variant156_5.c,30
variant156_6.c,10
variant156_7.c,10
variant156_8.c,10
variant15602.c,10
variant15602_1.c,10
variant15602_2.c,10
variant15602_3.c,10
variant15602_4.c,10
variant15602_5.c,10
variant15602_6.c,10
variant15602_7.c,10
variant15602_8.c,10
variant15638.c,10
variant15638_1.c,10
variant15638_2.c,10
variant15638_3.c,10
variant15638_4.c,10
variant15638_5.c,10
variant15638_6.c,10
variant15638_7.c,10
variant15638_8.c,10
variant15732.c,9
variant15732_1.c,9
variant15732_2.c,9
variant15732_3.c,9
variant15732_4.c,9
variant15732_5.c,9
variant15732_6.c,9
variant15732_7.c,9
variant15732_8.c,9
variant15774.c,10
variant15774_1.c,10
variant15774_2.c,10
variant15774_3.c,10
variant15774_4.c,10
variant15774_5.c,10
variant15774_6.c,10
variant15774_7.c,10
variant15774_8.c,10
variant15776.c,9
variant15776_1.c,9
variant15776_2.c,9
variant15776_3.c,9
variant15776_4.c,9
variant15776_5.c,9
variant15776_6.c,9
variant15776_7.c,9
variant15776_8.c,9
variant15814.c,31
variant15832.c,10
variant15832_1.c,10
variant15832_2.c,10
variant15832_3.c,10
variant15832_4.c,10
variant15832_5.c,10
variant15832_6.c,10
variant15832_7.c,10
variant15832_8.c,10
variant15907.c,10
variant15907_1.c,10
variant15907_2.c,10
variant15907_3.c,10
variant15907_4.c,10
variant15907_5.c,10
variant15907_6.c,10
variant15907_7.c,10
variant15907_8.c,10
variant15926.c,10
variant15926_1.c,10
variant15926_2.c,10
variant15926_3.c,10
variant15926_4.c,10
variant15926_5.c,10
variant15926_6.c,10
variant15926_7.c,10
variant15926_8.c,10
variant15934.c,15
variant15934_1.c,15
variant15934_2.c,15
variant15934_3.c,15
variant15934_4.c,15
variant15934_5.c,15
variant15934_6.c,15
variant15934_7.c,15
variant15934_8.c,15
variant15946.c,20
variant16003.c,10
variant16003_1.c,10
variant16003_2.c,10
variant16003_3.c,10
variant16003_4.c,10
variant16003_5.c,10
variant16003_6.c,10
variant16003_7.c,10
variant16003_8.c,10
variant16025.c,10
variant16025_1.c,10
variant16025_2.c,10
variant16025_3.c,10
variant16025_4.c,10
variant16025_5.c,10
variant16025_6.c,10
variant16025_7.c,10
variant16025_8.c,10
variant16109.c,10
variant16109_1.c,10
variant16109_2.c,2
variant16109_3.c,10
variant16109_4.c,10
variant16109_5.c,20
variant16109_6.c,10
variant16109_7.c,10
variant16109_8.c,10
variant16154.c,10
variant16154_1.c,10
variant16154_2.c,10
variant16154_3.c,10
variant16154_4.c,10
variant16154_5.c,10
variant16154_6.c,10
variant16154_7.c,10
variant16154_8.c,10
variant1619.c,10
variant1619_1.c,10
variant1619_2.c,10
variant1619_3.c,10
variant1619_4.c,10
variant1619_5.c,10
variant1619_6.c,10
variant1619_7.c,10
variant1619_8.c,10
variant1621.c,9
variant1621_1.c,9
variant1621_2.c,9
variant1621_3.c,9
variant1621_4.c,9
variant1621_5.c,9
variant1621_6.c,9
variant1621_7.c,9
variant1621_8.c,9
variant1627.c,9
variant1627_1.c,9
variant1627_2.c,9
variant1627_3.c,9
variant1627_4.c,9
variant1627_5.c,9
variant1627_6.c,9
variant1627_7.c,9
variant1627_8.c,9
variant16299_2.c,5
variant16417.c,10
variant16417_1.c,10
variant16417_2.c,10
variant16417_3.c,10
variant16417_4.c,10
variant16417_5.c,10
variant16417_6.c,10
variant16417_7.c,10
variant16417_8.c,10
variant1647.c,20
variant1647_1.c,10
variant1647_2.c,20
variant1647_3.c,10
variant1647_4.c,10
variant1647_5.c,10
variant1647_6.c,20
variant1647_7.c,10
variant1647_8.c,10
variant1652.c,10
variant1652_1.c,10
variant1652_2.c,10
variant1652_3.c,10
variant1652_4.c,10
variant1652_5.c,10
variant1652_6.c,10
variant1652_7.c,10
variant1652_8.c,10
variant16543.c,10
variant16543_1.c,10
variant16543_2.c,10
variant16543_3.c,10
variant16543_4.c,10
variant16543_5.c,10
variant16543_6.c,10
variant16543_7.c,10
variant16543_8.c,10
variant16591.c,10
variant16591_1.c,12
variant16591_2.c,10
variant16591_3.c,10
variant16591_4.c,10
variant16591_5.c,10
variant16591_6.c,10
variant16591_7.c,10
variant16591_8.c,12
variant16597.c,10
variant16597_1.c,10
variant16597_2.c,10
variant16597_3.c,10
variant16597_4.c,10
variant16597_5.c,10
variant16597_6.c,10
variant16597_7.c,10
variant16597_8.c,10
variant16623.c,10
variant16623_1.c,10
variant16623_2.c,10
variant16623_3.c,10
variant16623_4.c,10
variant16623_5.c,10
variant16623_6.c,10
variant16623_7.c,10
variant16623_8.c,10
variant16642.c,10
variant16642_1.c,10
variant16642_2.c,10
variant16642_3.c,10
variant16642_4.c,10
variant16642_5.c,10
variant16642_6.c,10
variant16642_7.c,10
variant16642_8.c,10
variant16728_5.c,20
variant1677.c,9
variant1677_1.c,9
variant1677_2.c,9
variant1677_3.c,9
variant1677_4.c,9
variant1677_5.c,9
variant1677_6.c,9
variant1677_7.c,9
variant1677_8.c,9
variant1680.c,10
variant1680_1.c,10
variant1680_2.c,10
variant1680_3.c,10
variant1680_4.c,10
variant1680_5.c,10
variant1680_6.c,10
variant1680_7.c,10
variant1680_8.c,10
variant16891.c,15
variant16891_1.c,15
variant16891_2.c,15
variant16891_3.c,15
variant16891_4.c,15
variant16891_5.c,15
variant16891_6.c,15
variant16891_7.c,15
variant16891_8.c,15
variant1700.c,10
variant1700_1.c,10
variant1700_2.c,10
variant1700_3.c,10
variant1700_4.c,10
variant1700_5.c,10
variant1700_6.c,10
variant1700_7.c,10
variant1700_8.c,10
variant17053.c,10
variant17053_1.c,10
variant17053_2.c,10
variant17053_3.c,10
variant17053_4.c,10
variant17053_5.c,10
variant17053_6.c,10
variant17053_7.c,10
variant17053_8.c,10
variant17062.c,9
variant17062_1.c,9
variant17062_2.c,9
variant17062_3.c,9
variant17062_4.c,9
variant17062_5.c,9
variant17062_6.c,9
variant17062_7.c,9
variant17062_8.c,9
variant17219.c,9
variant17219_1.c,9
variant17219_2.c,9
variant17219_3.c,9
variant17219_4.c,9
variant17219_5.c,9
variant17219_6.c,9
variant17219_7.c,9
variant17219_8.c,9
variant17220.c,10
variant17220_1.c,10
variant17220_2.c,10
variant17220_3.c,10
variant17220_4.c,10
variant17220_5.c,10
variant17220_6.c,10
variant17220_7.c,10
variant17220_8.c,10
variant17256.c,10
variant17256_1.c,10
variant17256_2.c,10
variant17256_3.c,10
variant17256_4.c,10
variant17256_5.c,10
variant17256_6.c,10
variant17256_7.c,10
variant17256_8.c,10
variant17274.c,9
variant17274_1.c,9
variant17274_2.c,9
variant17274_3.c,9
variant17274_4.c,9
variant17274_5.c,9
variant17274_6.c,9
variant17274_7.c,9
variant17274_8.c,9
variant17342.c,10
variant17342_1.c,10
variant17342_2.c,10
variant17342_3.c,10
variant17342_4.c,10
variant17342_5.c,10
variant17342_6.c,10
variant17342_7.c,10
variant17342_8.c,10
variant17401.c,10
variant17401_1.c,10
variant17401_2.c,10
variant17401_3.c,10
variant17401_4.c,10
variant17401_5.c,10
variant17401_6.c,10
variant17401_7.c,10
variant17401_8.c,10
variant17424.c,9
variant17424_1.c,9
variant17424_2.c,9
variant17424_3.c,9
variant17424_4.c,9
variant17424_5.c,9
variant17424_6.c,9
variant17424_7.c,9
variant17424_8.c,9
variant1744.c,10
variant1744_1.c,10
variant1744_2.c,10
variant1744_3.c,10
variant1744_4.c,10
variant1744_5.c,10
variant1744_6.c,10
variant1744_7.c,10
variant1744_8.c,10
variant17523.c,10
variant17523_1.c,10
variant17523_2.c,10
variant17523_3.c,10
variant17523_4.c,10
variant17523_5.c,10
variant17523_6.c,10
variant17523_7.c,10
variant17523_8.c,10
variant17544.c,9
variant17544_1.c,9
variant17544_2.c,9
variant17544_3.c,9
variant17544_4.c,9
variant17544_5.c,9
variant17544_6.c,9
variant17544_7.c,9
variant17544_8.c,9
variant17560.c,9
variant17560_1.c,9
variant17560_2.c,9
variant17560_3.c,9
variant17560_4.c,9
variant17560_5.c,9
variant17560_6.c,9
variant17560_7.c,9
variant17560_8.c,9
variant17586.c,10
variant17586_1.c,10
variant17586_2.c,10
variant17586_3.c,10
variant17586_4.c,10
variant17586_5.c,10
variant17586_6.c,10
variant17586_7.c,3
variant17586_8.c,3
variant17595.c,10
variant17595_1.c,10
variant17595_2.c,10
variant17595_3.c,10
variant17595_4.c,10
variant17595_5.c,10
variant17595_6.c,10
variant17595_7.c,10
variant17595_8.c,10
variant17608.c,15
variant17608_1.c,15
variant17608_2.c,15
variant17608_3.c,15
variant17608_4.c,15
variant17608_5.c,15
variant17608_6.c,15
variant17608_7.c,15
variant17608_8.c,15
variant17649.c,10
variant17649_1.c,2
variant17649_2.c,10
variant17649_3.c,20
variant17649_4.c,10
variant17649_5.c,10
variant17649_6.c,2
variant17649_7.c,10
variant17649_8.c,2
variant17668.c,9
variant17668_1.c,9
variant17668_2.c,9
variant17668_3.c,9
variant17668_4.c,9
variant17668_5.c,9
variant17668_6.c,9
variant17668_7.c,9
variant17668_8.c,9
variant17685.c,10
variant17685_2.c,10
variant17685_3.c,10
variant17685_4.c,10
variant17685_5.c,10
variant17685_6.c,10
variant17685_8.c,10
variant17716.c,10
variant17716_1.c,10
variant17716_2.c,10
variant17716_3.c,10
variant17716_4.c,10
variant17716_5.c,10
variant17716_6.c,10
variant17716_7.c,10
variant17716_8.c,10
variant17751.c,10
variant17751_1.c,10
variant17751_2.c,10
variant17751_3.c,10
variant17751_4.c,10
variant17751_5.c,10
variant17751_6.c,10
variant17751_7.c,10
variant17751_8.c,10
variant17763.c,10
variant17763_1.c,10
variant17763_2.c,10
variant17763_3.c,10
variant17763_4.c,10
variant17763_5.c,10
variant17763_6.c,10
variant17763_7.c,10
variant17763_8.c,10
variant17766.c,10
variant17766_1.c,10
variant17766_2.c,10
variant17766_3.c,10
variant17766_4.c,10
variant17766_5.c,10
variant17766_6.c,10
variant17766_7.c,10
variant17766_8.c,10
variant1777.c,10
variant1777_1.c,10
variant1777_2.c,10
variant1777_3.c,10
variant1777_4.c,10
variant1777_5.c,10
variant1777_6.c,10
variant1777_7.c,10
variant1777_8.c,10
variant17852.c,9
variant17852_1.c,9
variant17852_2.c,9
variant17852_3.c,9
variant17852_4.c,9
variant17852_5.c,9
variant17852_6.c,9
variant17852_7.c,9
variant17852_8.c,9
variant17857.c,10
variant17857_1.c,10
variant17857_2.c,10
variant17857_3.c,10
variant17857_4.c,10
variant17857_5.c,10
variant17857_6.c,10
variant17857_7.c,10
variant17857_8.c,10
variant17883.c,9
variant17883_1.c,9
variant17883_2.c,9
variant17883_3.c,9
variant17883_4.c,9
variant17883_5.c,9
variant17883_6.c,9
variant17883_7.c,9
variant17883_8.c,9
variant17901.c,10
variant17901_1.c,10
variant17901_2.c,10
variant17901_3.c,10
variant17901_4.c,10
variant17901_5.c,10
variant17901_6.c,10
variant17901_7.c,10
variant17901_8.c,10
variant17973.c,10
variant17973_1.c,10
variant17973_2.c,10
variant17973_3.c,10
variant17973_4.c,10
variant17973_5.c,10
variant17973_6.c,10
variant17973_7.c,10
variant17973_8.c,10
variant18054.c,10
variant18062.c,10
variant18096.c,10
variant18100.c,9
variant18109.c,9
variant18138.c,10
variant18173.c,10
variant18252.c,10
variant18272.c,10
variant18286.c,10
variant1830.c,10
variant1830_1.c,10
variant1830_2.c,10
variant1830_3.c,10
variant1830_4.c,10
variant1830_5.c,10
variant1830_6.c,10
variant1830_7.c,10
variant1830_8.c,10
variant18308.c,10
variant18517.c,20
variant18519.c,10
variant18521.c,9
variant18553.c,10
variant18590.c,9
variant18596.c,10
variant186.c,10
variant186_1.c,10
variant186_2.c,10
variant186_3.c,10
variant186_4.c,10
variant186_5.c,10
variant186_6.c,10
variant186_7.c,10
variant186_8.c,10
variant18614.c,10
variant18677.c,10
variant18749.c,10
variant18784.c,9
variant18798.c,10
variant18860.c,10
variant18884.c,20
variant18899.c,10
variant19074.c,10
variant19099.c,10
variant19165.c,10
variant19175.c,10
variant19263.c,10
variant19333.c,10
variant19358_2.c,5
variant19358_4.c,5
variant19375.c,20
variant19375_2.c,20
variant19375_6.c,20
variant19375_7.c,20
variant19375_8.c,20
variant19376.c,10
variant19450.c,10
variant19571.c,10
variant19581.c,12
variant19596.c,10
variant19680.c,10
variant19724.c,10
variant19882.c,9
variant1989.c,10
variant1989_1.c,10
variant1989_2.c,10
variant1989_3.c,10
variant1989_4.c,10
variant1989_5.c,10
variant1989_6.c,10
variant1989_7.c,10
variant1989_8.c,10
variant19899.c,10
variant19965.c,10
variant20013.c,9
variant20048.c,10
variant20210.c,10
variant2024.c,9
variant2024_4.c,9
variant2024_5.c,9
variant2024_8.c,9
variant20249.c,28
variant20278.c,9
variant20284.c,10
variant20295.c,10
variant20321.c,10
variant20342_1.c,30
variant20342_2.c,20
variant20342_3.c,20
variant20342_4.c,30
variant20342_5.c,20
variant20342_6.c,30
variant20342_7.c,20
variant20342_8.c,30
variant20358.c,10
variant20391.c,10
variant20580.c,10
variant20607.c,20
variant20664.c,9
variant20675.c,10
variant20695.c,10
variant2072.c,12
variant2072_1.c,10
variant2072_2.c,10
variant2072_3.c,10
variant2072_4.c,10
variant2072_5.c,10
variant2072_6.c,10
variant2072_7.c,10
variant2072_8.c,10
variant20721.c,10
variant20730.c,10
variant2075.c,12
variant2075_1.c,10
variant2075_2.c,10
variant2075_3.c,10
variant2075_4.c,10
variant2075_5.c,10
variant2075_6.c,10
variant2075_7.c,10
variant2075_8.c,10
variant20759.c,12
variant20767.c,10
variant20789.c,9
variant20793.c,9
variant20821.c,9
variant20855.c,10
variant20859.c,10
variant2086.c,10
variant2086_1.c,10
variant2086_2.c,10
variant2086_3.c,10
variant2086_4.c,10
variant2086_5.c,10
variant2086_6.c,10
variant2086_7.c,10
variant2086_8.c,10
variant20892.c,9
variant20913.c,10
variant2095.c,10
variant2095_1.c,10
variant2095_2.c,10
variant2095_3.c,10
variant2095_4.c,10
variant2095_5.c,10
variant2095_6.c,10
variant2095_7.c,10
variant2095_8.c,10
variant20982.c,10
variant2101.c,9
variant2101_1.c,9
variant2101_4.c,9
variant2101_5.c,9
variant2101_6.c,9
variant2101_8.c,9
variant21040.c,10
variant21122.c,10
variant21124.c,10
variant21198.c,9
variant21216.c,20
variant2122.c,9
variant2122_1.c,9
variant2122_2.c,9
variant2122_3.c,9
variant2122_4.c,9
variant2122_5.c,9
variant2122_6.c,9
variant2122_7.c,9
variant2122_8.c,9
variant2123.c,10
variant2123_1.c,10
variant2123_2.c,10
variant2123_3.c,10
variant2123_4.c,10
variant2123_5.c,10
variant2123_6.c,10
variant2123_7.c,10
variant2123_8.c,10
variant2130.c,20
variant2130_1.c,10
variant2130_2.c,10
variant2130_3.c,10
variant2130_4.c,10
variant2130_5.c,10
variant2130_6.c,10
variant2130_7.c,10
variant2130_8.c,10
variant21345.c,9
variant21349.c,10
variant21369.c,10
variant21432.c,10
variant2144.c,10
variant2144_1.c,10
variant2144_2.c,10
variant2144_3.c,10
variant2144_4.c,10
variant2144_5.c,10
variant2144_6.c,10
variant2144_7.c,10
variant2144_8.c,10
variant2148.c,10
variant2148_1.c,10
variant2148_2.c,10
variant2148_3.c,10
variant2148_4.c,10
variant2148_5.c,10
variant2148_6.c,10
variant2148_7.c,10
variant2148_8.c,10
variant21497.c,10
variant21518.c,9
variant21541.c,10
variant21555.c,10
variant21560.c,15
variant21659.c,10
variant2166.c,10
variant2166_1.c,10
variant2166_2.c,10
variant2166_3.c,10
variant2166_4.c,10
variant2166_5.c,10
variant2166_6.c,10
variant2166_7.c,10
variant2166_8.c,10
variant21682.c,10
variant21701.c,10
variant21726.c,10
variant21744.c,11
variant21744_1.c,20
variant21744_2.c,20
variant21744_3.c,30
variant21744_4.c,11
variant21744_5.c,11
variant21744_6.c,11
variant21744_7.c,11
variant21744_8.c,11
variant21774.c,10
variant21790.c,10
variant218.c,10
variant218_1.c,10
variant218_2.c,10
variant218_3.c,10
variant218_4.c,10
variant218_5.c,10
variant218_6.c,10
variant218_7.c,10
variant218_8.c,10
variant21826.c,10
variant21844.c,10
variant21859.c,9
variant21881.c,10
variant21904.c,20
variant21919.c,9
variant21929.c,10
variant2200.c,10
variant2200_1.c,10
variant2200_2.c,10
variant2200_3.c,10
variant2200_4.c,10
variant2200_5.c,10
variant2200_6.c,10
variant2200_7.c,10
variant2200_8.c,10
variant22032.c,20
variant22038.c,10
variant22051.c,9
variant22082.c,9
variant22098.c,9
variant22102.c,9
variant22161.c,10
variant22166.c,10
variant22174.c,9
variant22228.c,10
variant22259.c,10
variant22339.c,10
variant22403.c,10
variant22472.c,20
variant22510.c,10
variant22526.c,20
variant22546.c,10
variant22586.c,9
variant22594.c,10
variant22626.c,10
variant22634.c,10
variant22661.c,10
variant22688.c,10
variant22693.c,10
variant22703.c,10
variant22774.c,10
variant22902.c,20
variant22906.c,20
variant2301.c,20
variant2301_1.c,2
variant2301_2.c,10
variant2301_3.c,10
variant2301_4.c,10
variant2301_5.c,10
variant2301_6.c,10
variant2301_7.c,10
variant2301_8.c,10
variant23019.c,10
variant23029.c,10
variant23069.c,10
variant23126.c,10
variant23174.c,10
variant23223.c,10
variant23262.c,10
variant23373.c,10
variant2340.c,10
variant2340_1.c,10
variant2340_2.c,10
variant2340_3.c,10
variant2340_4.c,10
variant2340_5.c,10
variant2340_6.c,10
variant2340_7.c,10
variant2340_8.c,10
variant23471.c,10
variant23495.c,20
variant23495_1.c,20
variant23495_6.c,20
variant23503.c,10
variant23522.c,10
variant23548.c,10
variant23559.c,12
variant2365.c,20
variant2365_1.c,10
variant2365_2.c,10
variant2365_3.c,10
variant2365_4.c,10
variant2365_5.c,20
variant2365_6.c,20
variant2365_7.c,10
variant2365_8.c,10
variant23660.c,9
variant23764.c,10
variant23803.c,10
variant23822_3.c,20
variant23822_6.c,20
variant23822_7.c,20
variant2383.c,10
variant2383_1.c,10
variant2383_2.c,10
variant2383_3.c,10
variant2383_4.c,10
variant2383_5.c,10
variant2383_6.c,10
variant2383_7.c,10
variant2383_8.c,10
variant23837.c,10
variant23842.c,9
variant23846.c,10
variant23952.c,11
variant23952_1.c,11
variant23952_2.c,11
variant23952_3.c,11
variant23952_4.c,11
variant23952_5.c,20
variant23952_6.c,11
variant23952_7.c,11
variant23952_8.c,11
variant2399.c,9
variant2399_1.c,9
variant2399_2.c,9
variant2399_3.c,9
variant2399_4.c,9
variant2399_5.c,9
variant2399_6.c,9
variant2399_7.c,9
variant2399_8.c,9
variant24004.c,10
variant24021.c,10
variant24075.c,9
variant24085.c,9
variant24115.c,10
variant24155.c,20
variant24201.c,9
variant24227.c,10
variant24249.c,20
variant24253.c,9
variant24314.c,10
variant24340.c,20
variant24386.c,12
variant24407.c,10
variant24444.c,10
variant24449.c,10
variant24475.c,10
variant24485.c,9
variant24489.c,10
variant24541.c,20
variant24608.c,9
variant24645.c,10
variant2468.c,10
variant2468_1.c,10
variant2468_2.c,10
variant2468_3.c,10
variant2468_4.c,10
variant2468_5.c,10
variant2468_6.c,10
variant2468_7.c,20
variant2468_8.c,10
variant24930.c,20
variant2495.c,20
variant2495_1.c,10
variant2495_2.c,10
variant2495_3.c,10
variant2495_4.c,10
variant2495_5.c,10
variant2495_6.c,20
variant2495_7.c,20
variant2495_8.c,10
variant24971.c,10
variant25000.c,10
variant25011.c,20
variant25015.c,20
variant25057.c,28
variant25063.c,10
variant25160.c,12
variant25274.c,10
variant25306.c,9
variant25326.c,10
variant25327.c,10
variant25331.c,10
variant25433.c,10
variant25445.c,10
variant25510.c,10
variant25518.c,10
variant25579.c,10
variant25595.c,9
variant25664.c,10
variant25668.c,9
variant25689.c,9
variant25733.c,20
variant25744.c,10
variant25835_1.c,13
variant25887.c,10
variant25988.c,10
variant26030.c,10
variant26031.c,10
variant26071.c,9
variant26114.c,10
variant2612.c,10
variant2612_1.c,10
variant2612_2.c,10
variant2612_3.c,10
variant2612_4.c,10
variant2612_5.c,10
variant2612_6.c,10
variant2612_7.c,10
variant2612_8.c,10
variant26185.c,9
variant2638.c,20
variant2638_1.c,20
variant2638_4.c,20
variant2638_5.c,20
variant2641.c,20
variant2641_1.c,9
variant2641_2.c,20
variant2641_3.c,20
variant2641_4.c,20
variant2641_5.c,20
variant2641_6.c,20
variant2641_7.c,9
variant2641_8.c,20
variant26420.c,10
variant26430.c,10
variant26474.c,10
variant26489.c,20
variant26489_1.c,11
variant26489_2.c,11
variant26489_3.c,11
variant26489_4.c,20
variant26489_5.c,20
variant26489_6.c,11
variant26489_7.c,11
variant26489_8.c,11
variant26497.c,10
variant26522.c,9
variant26523.c,10
variant26575.c,10
variant26598.c,10
variant26629.c,10
variant26654.c,10
variant26657.c,9
variant26669.c,10
variant2684.c,10
variant2684_1.c,10
variant2684_2.c,10
variant2684_3.c,10
variant2684_4.c,10
variant2684_5.c,10
variant2684_6.c,10
variant2684_7.c,10
variant2684_8.c,10
variant26857.c,10
variant26898.c,10
variant26932.c,10
variant26954.c,10
variant26963.c,9
variant27060.c,12
variant27129.c,10
variant2714.c,23
variant2714_1.c,27
variant2714_2.c,13
variant2714_3.c,14
variant2714_4.c,13
variant2714_5.c,16
variant2714_6.c,4
variant2714_7.c,26
variant2714_8.c,13
variant27343.c,10
variant27365.c,9
variant27398.c,12
variant274.c,10
variant274_1.c,20
variant274_2.c,10
variant274_3.c,10
variant274_4.c,10
variant274_5.c,10
variant274_6.c,10
variant274_7.c,10
variant274_8.c,10
variant27415.c,10
variant27464.c,20
variant27498.c,10
variant27520.c,10
variant27562.c,20
variant27590.c,20
variant27601.c,10
variant27638_1.c,12
variant27638_2.c,13
variant27638_3.c,13
variant27638_7.c,12
variant27652.c,9
variant27701.c,9
variant27713.c,20
variant27758.c,10
variant27834.c,20
variant27840.c,10
variant27866.c,10
variant27870.c,10
variant279.c,10
variant279_1.c,10
variant279_2.c,10
variant279_3.c,10
variant279_4.c,10
variant279_5.c,10
variant279_6.c,10
variant279_7.c,10
variant279_8.c,10
variant27901.c,10
variant27902.c,28
variant27916.c,10
variant27940.c,10
variant27963.c,9
variant28019.c,20
variant28115.c,10
variant28148.c,10
variant28162.c,20
variant28243.c,10
variant28261.c,10
variant28270.c,9
variant28300.c,10
variant28348.c,10
variant2838.c,9
variant2838_1.c,20
variant2838_2.c,9
variant2838_3.c,9
variant2838_4.c,9
variant2838_5.c,9
variant2838_6.c,9
variant2838_7.c,9
variant2838_8.c,9
variant28433.c,10
variant285_2.c,2
variant285_4.c,20
variant28508.c,20
variant28541.c,10
variant28563.c,10
variant28585.c,10
variant28637.c,10
variant28666.c,10
variant28668.c,15
variant28681.c,10
variant287.c,10
variant287_1.c,10
variant287_2.c,10
variant287_3.c,10
variant287_4.c,10
variant287_5.c,10
variant287_6.c,10
variant287_7.c,10
variant287_8.c,10
variant28742.c,20
variant2877.c,9
variant2877_1.c,9
variant2877_2.c,9
variant2877_3.c,9
variant2877_4.c,9
variant2877_5.c,9
variant2877_6.c,9
variant2877_7.c,20
variant2877_8.c,9
variant28777.c,10
variant28818.c,10
variant28882.c,10
variant28891.c,10
variant28896.c,10
variant28926.c,10
variant28955.c,9
variant28964.c,10
variant29024.c,10
variant29030.c,10
variant29091.c,10
variant291.c,10
variant291_3.c,10
variant291_4.c,10
variant291_5.c,10
variant291_6.c,10
variant291_8.c,10
variant29104.c,10
variant29168.c,9
variant29177.c,9
variant29186.c,10
variant29311.c,10
variant29320.c,10
variant29454.c,10
variant29497.c,10
variant29537.c,10
variant29582.c,10
variant29624.c,9
variant29670.c,12
variant29671.c,10
variant29723.c,9
variant298.c,9
variant298_1.c,9
variant298_2.c,9
variant298_3.c,9
variant298_4.c,9
variant298_5.c,9
variant298_6.c,9
variant298_7.c,9
variant298_8.c,9
variant29846.c,10
variant29859.c,20
variant29928.c,20
variant2995.c,10
variant2995_1.c,10
variant2995_2.c,10
variant2995_3.c,10
variant2995_4.c,10
variant2995_5.c,10
variant2995_6.c,10
variant2995_7.c,10
variant2995_8.c,10
variant29963.c,5
variant29963_2.c,5
variant3.c,10
variant3_1.c,10
variant3_2.c,10
variant3_3.c,10
variant3_4.c,10
variant3_5.c,10
variant3_6.c,10
variant3_7.c,10
variant3_8.c,10
variant30005.c,10
variant30077.c,10
variant30084.c,10
variant30107.c,10
variant30152.c,20
variant30172.c,10
variant30190.c,15
variant30235.c,10
variant30240.c,10
variant30304.c,10
variant30385.c,9
variant30393.c,28
variant30465.c,10
variant30487.c,9
variant30515.c,9
variant30593.c,9
variant30604.c,9
variant30629.c,20
variant30644.c,10
variant30651.c,10
variant30668.c,9
variant30681.c,10
variant30726.c,10
variant30855.c,10
variant30892.c,10
variant30940.c,10
variant30953.c,9
variant30955.c,9
variant31073.c,20
variant31086.c,10
variant31092.c,10
variant31096.c,20
variant31101.c,32
variant31128.c,9
variant3114.c,20
variant3114_1.c,10
variant3114_2.c,10
variant3114_3.c,10
variant3114_4.c,20
variant3114_5.c,10
variant3114_6.c,10
variant3114_7.c,10
variant3114_8.c,10
variant31149.c,10
variant31173.c,10
variant31184.c,10
variant31204.c,9
variant31208.c,10
variant31260.c,9
variant31320.c,10
variant31498.c,9
variant31533.c,10
variant31552.c,10
variant31556.c,10
variant31646.c,15
variant31681.c,9
variant31721.c,10
variant31826.c,9
variant31837.c,9
variant31854.c,9
variant31866.c,10
variant31893.c,9
variant31929.c,20
variant31948.c,10
variant32.c,9
variant32_1.c,9
variant32_2.c,9
variant32_3.c,9
variant32_4.c,9
variant32_5.c,9
variant32_6.c,9
variant32_7.c,9
variant32_8.c,9
variant3202.c,9
variant3202_1.c,9
variant3202_2.c,9
variant3202_3.c,9
variant3202_4.c,9
variant3202_5.c,9
variant3202_6.c,9
variant3202_7.c,9
variant3202_8.c,9
variant32045.c,10
variant32124.c,10
variant32141.c,12
variant32163.c,10
variant32193.c,10
variant32210.c,10
variant32212.c,10
variant32266.c,10
variant32282.c,13
variant32318.c,9
variant32323.c,29
variant32356.c,20
variant32366.c,9
variant32367.c,9
variant32435.c,1
variant32459.c,9
variant32474.c,20
variant32605.c,15
variant32683.c,10
variant32692.c,20
variant32758.c,10
variant32771.c,9
variant32885.c,9
variant3291.c,10
variant3291_1.c,10
variant3291_2.c,10
variant3291_3.c,10
variant3291_4.c,10
variant3291_5.c,10
variant3291_6.c,10
variant3291_7.c,10
variant3291_8.c,10
variant32971.c,20
variant33049.c,10
variant33150.c,9
variant33168.c,10
variant332.c,10
variant332_1.c,10
variant332_2.c,10
variant332_3.c,10
variant332_4.c,10
variant332_5.c,10
variant332_6.c,10
variant332_7.c,10
variant332_8.c,10
variant33276.c,10
variant33312.c,10
variant33318.c,10
variant33348.c,10
variant33349.c,9
variant33438.c,10
variant33464.c,10
variant33503.c,9
variant33536.c,9
variant33559.c,10
variant33638.c,10
variant33726.c,10
variant33729.c,10
variant33743.c,10
variant33788.c,10
variant33867.c,20
variant33896.c,20
variant33904.c,20
variant33971.c,10
variant34091.c,10
variant34111.c,10
variant34127.c,10
variant34145.c,20
variant34255.c,10
variant34339.c,10
variant34357.c,9
variant34369.c,10
variant34373.c,10
variant3439.c,10
variant3439_1.c,10
variant3439_2.c,10
variant3439_3.c,10
variant3439_4.c,10
variant3439_5.c,10
variant3439_6.c,10
variant3439_7.c,10
variant3439_8.c,10
variant3586.c,10
variant3586_1.c,10
variant3586_2.c,10
variant3586_3.c,10
variant3586_4.c,10
variant3586_5.c,10
variant3586_6.c,10
variant3586_7.c,10
variant3586_8.c,10
variant3622.c,10
variant3622_1.c,10
variant3622_2.c,10
variant3622_3.c,10
variant3622_4.c,10
variant3622_5.c,10
variant3622_6.c,10
variant3622_7.c,10
variant3622_8.c,10
variant3704.c,9
variant3704_1.c,9
variant3704_2.c,9
variant3704_3.c,9
variant3704_4.c,9
variant3704_5.c,9
variant3704_6.c,9
variant3704_7.c,9
variant3704_8.c,9
variant3708.c,9
variant3708_1.c,9
variant3708_2.c,9
variant3708_3.c,9
variant3708_4.c,9
variant3708_5.c,9
variant3708_6.c,9
variant3708_7.c,9
variant3708_8.c,9
variant3730.c,10
variant3730_1.c,10
variant3730_2.c,10
variant3730_3.c,10
variant3730_4.c,20
variant3730_5.c,10
variant3730_6.c,10
variant3730_7.c,10
variant3730_8.c,10
variant3733.c,10
variant3733_1.c,10
variant3733_2.c,10
variant3733_3.c,10
variant3733_4.c,10
variant3733_5.c,10
variant3733_6.c,10
variant3733_7.c,10
variant3733_8.c,10
variant3738.c,10
variant3738_1.c,10
variant3738_2.c,10
variant3738_3.c,10
variant3738_4.c,10
variant3738_5.c,10
variant3738_6.c,10
variant3738_7.c,10
variant3738_8.c,10
variant3739.c,10
variant3739_1.c,10
variant3739_2.c,10
variant3739_3.c,10
variant3739_4.c,10
variant3739_5.c,10
variant3739_6.c,10
variant3739_7.c,10
variant3739_8.c,10
variant3768.c,10
variant3768_1.c,10
variant3768_2.c,10
variant3768_3.c,10
variant3768_4.c,10
variant3768_5.c,10
variant3768_6.c,10
variant3768_7.c,10
variant3768_8.c,10
variant3778.c,20
variant3778_1.c,10
variant3778_2.c,10
variant3778_3.c,20
variant3778_4.c,2
variant3778_5.c,10
variant3778_6.c,10
variant3778_7.c,10
variant3778_8.c,10
variant382.c,10
variant382_1.c,10
variant382_2.c,10
variant382_3.c,10
variant382_4.c,10
variant382_5.c,10
variant382_6.c,10
variant382_7.c,10
variant382_8.c,10
variant384.c,9
variant384_1.c,9
variant384_2.c,9
variant384_3.c,9
variant384_4.c,9
variant384_5.c,9
variant384_6.c,9
variant384_7.c,9
variant384_8.c,9
variant3848.c,12
variant3848_1.c,12
variant3848_2.c,12
variant3848_3.c,12
variant3848_4.c,12
variant3848_5.c,12
variant3848_6.c,12
variant3848_7.c,12
variant3848_8.c,12
variant387.c,10
variant387_1.c,10
variant387_2.c,10
variant387_3.c,10
variant387_4.c,10
variant387_5.c,10
variant387_6.c,10
variant387_7.c,10
variant387_8.c,10
variant388.c,10
variant388_1.c,10
variant388_2.c,10
variant388_3.c,10
variant388_4.c,10
variant388_5.c,10
variant388_6.c,10
variant388_7.c,10
variant388_8.c,10
variant3958.c,10
variant3958_1.c,10
variant3958_2.c,10
variant3958_3.c,10
variant3958_4.c,10
variant3958_5.c,10
variant3958_6.c,10
variant3958_7.c,10
variant3958_8.c,10
variant4000.c,9
variant4000_1.c,9
variant4000_2.c,9
variant4000_3.c,9
variant4000_4.c,9
variant4000_5.c,9
variant4000_6.c,9
variant4000_7.c,9
variant4000_8.c,9
variant40410.c,20
variant4045.c,10
variant4045_1.c,10
variant4045_2.c,10
variant4045_3.c,10
variant4045_4.c,10
variant4045_5.c,10
variant4045_6.c,10
variant4045_7.c,10
variant4045_8.c,10
variant4060.c,10
variant4060_1.c,10
variant4060_2.c,10
variant4060_3.c,10
variant4060_4.c,10
variant4060_5.c,10
variant4060_6.c,10
variant4060_7.c,10
variant4060_8.c,10
variant4071.c,10
variant4071_1.c,10
variant4071_2.c,10
variant4071_3.c,10
variant4071_4.c,10
variant4071_5.c,10
variant4071_6.c,10
variant4071_7.c,10
variant4071_8.c,10
variant4105.c,9
variant4105_2.c,9
variant4105_3.c,9
variant4105_5.c,9
variant4105_8.c,9
variant4115.c,20
variant4115_1.c,30
variant4115_2.c,2
variant4115_3.c,20
variant4115_4.c,2
variant4115_5.c,20
variant4115_6.c,20
variant4115_7.c,20
variant4115_8.c,20
variant41370.c,5
variant4161.c,10
variant4161_1.c,10
variant4161_2.c,10
variant4161_3.c,10
variant4161_4.c,10
variant4161_5.c,10
variant4161_6.c,10
variant4161_7.c,10
variant4161_8.c,10
variant419.c,10
variant419_1.c,10
variant419_2.c,10
variant419_3.c,10
variant419_4.c,10
variant419_5.c,10
variant419_6.c,10
variant419_7.c,10
variant419_8.c,10
variant42032.c,19
variant42486.c,19
variant4250.c,10
variant4250_1.c,10
variant4250_2.c,10
variant4250_3.c,10
variant4250_4.c,10
variant4250_5.c,10
variant4250_6.c,10
variant4250_7.c,10
variant4250_8.c,10
variant42621.c,20
variant42672.c,19
variant4297.c,10
variant4297_1.c,10
variant4297_2.c,10
variant4297_3.c,10
variant4297_4.c,10
variant4297_5.c,10
variant4297_6.c,10
variant4297_7.c,10
variant4297_8.c,10
variant4311.c,20
variant4311_1.c,20
variant4311_2.c,20
variant4311_3.c,10
variant4311_4.c,10
variant4311_5.c,20
variant4311_6.c,20
variant4311_7.c,10
variant4311_8.c,10
variant43157.c,20
variant4316.c,10
variant4316_1.c,10
variant4316_2.c,10
variant4316_3.c,10
variant4316_4.c,10
variant4316_5.c,10
variant4316_6.c,10
variant4316_7.c,10
variant4316_8.c,10
variant43664.c,5
variant4382.c,10
variant4382_1.c,10
variant4382_2.c,10
variant4382_3.c,10
variant4382_4.c,10
variant4382_5.c,10
variant4382_6.c,10
variant4382_7.c,10
variant4382_8.c,10
variant4383.c,10
variant4383_1.c,10
variant4383_2.c,10
variant4383_3.c,10
variant4383_4.c,10
variant4383_5.c,10
variant4383_6.c,10
variant4383_7.c,20
variant4383_8.c,10
variant4388.c,10
variant4388_1.c,10
variant4388_2.c,10
variant4388_3.c,10
variant4388_4.c,10
variant4388_5.c,10
variant4388_6.c,10
variant4388_7.c,10
variant4388_8.c,10
variant4393.c,10
variant4393_1.c,20
variant4393_2.c,10
variant4393_3.c,10
variant4393_4.c,10
variant4393_5.c,30
variant4393_6.c,30
variant4393_7.c,10
variant4393_8.c,10
variant4398.c,10
variant4398_1.c,10
variant4398_2.c,10
variant4398_3.c,10
variant4398_4.c,10
variant4398_5.c,10
variant4398_6.c,10
variant4398_7.c,10
variant4398_8.c,10
variant4415.c,9
variant4415_1.c,9
variant4415_2.c,9
variant4415_3.c,9
variant4415_4.c,9
variant4415_5.c,9
variant4415_6.c,9
variant4415_7.c,9
variant4415_8.c,9
variant4431.c,10
variant4431_1.c,10
variant4431_2.c,10
variant4431_3.c,10
variant4431_4.c,20
variant4431_5.c,10
variant4431_6.c,10
variant4431_7.c,2
variant4431_8.c,10
variant4494.c,9
variant4494_1.c,9
variant4494_2.c,9
variant4494_3.c,9
variant4494_4.c,9
variant4494_5.c,9
variant4494_6.c,9
variant4494_7.c,9
variant4494_8.c,9
variant4514.c,10
variant4514_1.c,10
variant4514_2.c,10
variant4514_3.c,10
variant4514_4.c,10
variant4514_5.c,10
variant4514_6.c,10
variant4514_7.c,10
variant4514_8.c,10
variant4517.c,10
variant4517_1.c,10
variant4517_2.c,10
variant4517_3.c,10
variant4517_4.c,10
variant4517_5.c,10
variant4517_6.c,10
variant4517_7.c,10
variant4517_8.c,10
variant4549.c,20
variant4549_1.c,10
variant4549_2.c,6
variant4549_3.c,10
variant4549_4.c,10
variant4549_5.c,10
variant4549_6.c,6
variant4549_7.c,10
variant4549_8.c,10
variant46334.c,13
variant46361.c,20
variant46622.c,28
variant4666.c,9
variant4666_1.c,9
variant4666_2.c,9
variant4666_3.c,9
variant4666_4.c,9
variant4666_5.c,9
variant4666_6.c,9
variant4666_7.c,9
variant4666_8.c,9
variant4680.c,10
variant4680_1.c,20
variant4680_2.c,10
variant4680_3.c,10
variant4680_4.c,10
variant4680_5.c,10
variant4680_6.c,10
variant4680_7.c,10
variant4680_8.c,10
variant46965.c,20
variant47019.c,1
variant4705.c,10
variant4705_1.c,10
variant4705_2.c,10
variant4705_3.c,10
variant4705_4.c,10
variant4705_5.c,10
variant4705_6.c,10
variant4705_7.c,10
variant4705_8.c,10
variant47280.c,11
variant480.c,10
variant480_1.c,10
variant480_2.c,10
variant480_3.c,10
variant480_4.c,10
variant480_5.c,10
variant480_6.c,10
variant480_7.c,10
variant480_8.c,10
variant4808.c,10
variant4808_1.c,10
variant4808_2.c,10
variant4808_3.c,10
variant4808_4.c,10
variant4808_5.c,10
variant4808_6.c,10
variant4808_7.c,10
variant4808_8.c,10
variant4814.c,10
variant4814_1.c,10
variant4814_2.c,10
variant4814_3.c,10
variant4814_4.c,10
variant4814_5.c,10
variant4814_6.c,10
variant4814_7.c,10
variant4814_8.c,10
variant48992.c,12
variant4903.c,10
variant4903_1.c,10
variant4903_2.c,10
variant4903_3.c,10
variant4903_4.c,10
variant4903_5.c,10
variant4903_6.c,10
variant4903_7.c,10
variant4903_8.c,10
variant4912.c,20
variant4912_1.c,30
variant4912_2.c,10
variant4912_3.c,30
variant4912_4.c,10
variant4912_5.c,30
variant4912_6.c,10
variant4912_7.c,10
variant4912_8.c,10
variant4946.c,10
variant4946_1.c,10
variant4946_2.c,10
variant4946_3.c,10
variant4946_4.c,10
variant4946_5.c,10
variant4946_6.c,10
variant4946_7.c,10
variant4946_8.c,10
variant49760.c,20
variant498.c,10
variant498_1.c,10
variant498_2.c,10
variant498_3.c,10
variant498_4.c,10
variant498_5.c,10
variant498_6.c,10
variant498_7.c,10
variant498_8.c,10
variant5017.c,20
variant5017_1.c,9
variant5017_2.c,20
variant5017_3.c,20
variant5017_4.c,20
variant5017_5.c,20
variant5017_6.c,20
variant5017_7.c,20
variant5017_8.c,20
variant5036_4.c,7
variant5091.c,10
variant5091_1.c,10
variant5091_2.c,10
variant5091_3.c,30
variant5091_4.c,20
variant5091_5.c,10
variant5091_6.c,30
variant5091_7.c,20
variant5091_8.c,10
variant5147.c,10
variant5147_1.c,10
variant5147_2.c,10
variant5147_3.c,10
variant5147_4.c,10
variant5147_5.c,10
variant5147_6.c,10
variant5147_7.c,10
variant5147_8.c,10
variant5168.c,20
variant5168_1.c,30
variant5168_2.c,10
variant5168_3.c,10
variant5168_4.c,10
variant5168_5.c,30
variant5168_6.c,10
variant5168_7.c,20
variant5168_8.c,10
variant5238.c,10
variant5238_1.c,10
variant5238_2.c,10
variant5238_3.c,10
variant5238_4.c,10
variant5238_5.c,10
variant5238_6.c,10
variant5238_7.c,10
variant5238_8.c,10
variant5243.c,10
variant5243_1.c,10
variant5243_2.c,10
variant5243_3.c,10
variant5243_4.c,10
variant5243_5.c,10
variant5243_6.c,10
variant5243_7.c,10
variant5243_8.c,10
variant5339.c,20
variant5339_1.c,9
variant5339_2.c,9
variant5339_3.c,9
variant5339_4.c,9
variant5339_5.c,9
variant5339_6.c,9
variant5339_7.c,9
variant5339_8.c,9
variant5440.c,10
variant5440_1.c,10
variant5440_2.c,10
variant5440_3.c,10
variant5440_4.c,10
variant5440_5.c,10
variant5440_6.c,10
variant5440_7.c,10
variant5440_8.c,10
variant5508.c,9
variant5508_1.c,9
variant5508_2.c,9
variant5508_3.c,9
variant5508_4.c,9
variant5508_5.c,9
variant5508_6.c,9
variant5508_7.c,9
variant5508_8.c,9
variant5512.c,9
variant5512_1.c,9
variant5512_2.c,9
variant5512_3.c,9
variant5512_4.c,30
variant5512_5.c,9
variant5512_6.c,9
variant5512_7.c,9
variant5512_8.c,9
variant5567.c,10
variant5567_1.c,10
variant5567_2.c,10
variant5567_3.c,10
variant5567_4.c,10
variant5567_5.c,10
variant5567_6.c,10
variant5567_7.c,10
variant5567_8.c,20
variant5580.c,10
variant5580_1.c,10
variant5580_2.c,10
variant5580_3.c,10
variant5580_4.c,10
variant5580_5.c,10
variant5580_6.c,10
variant5580_7.c,10
variant5580_8.c,10
variant56104.c,20
variant5625.c,9
variant5625_1.c,9
variant5625_2.c,9
variant5625_3.c,9
variant5625_4.c,9
variant5625_5.c,9
variant5625_6.c,9
variant5625_7.c,9
variant5625_8.c,9
variant5641.c,20
variant5641_1.c,20
variant5641_2.c,9
variant5641_3.c,20
variant5641_4.c,20
variant5641_5.c,9
variant5641_6.c,9
variant5641_7.c,20
variant5641_8.c,20
variant5695.c,9
variant5695_1.c,9
variant5695_2.c,9
variant5695_3.c,9
variant5695_4.c,9
variant5695_5.c,9
variant5695_6.c,9
variant5695_7.c,9
variant5695_8.c,9
variant57074.c,20
variant5757.c,10
variant5757_1.c,10
variant5757_2.c,10
variant5757_3.c,10
variant5757_4.c,10
variant5757_5.c,10
variant5757_6.c,10
variant5757_7.c,10
variant5757_8.c,10
variant5795.c,20
variant5795_1.c,15
variant5795_2.c,15
variant5795_3.c,15
variant5795_4.c,15
variant5795_5.c,15
variant5795_6.c,15
variant5795_7.c,15
variant5795_8.c,15
variant5798.c,20
variant5900.c,9
variant5900_1.c,9
variant5900_2.c,9
variant5900_3.c,9
variant5900_4.c,9
variant5900_5.c,9
variant5900_6.c,9
variant5900_7.c,9
variant5900_8.c,9
variant591.c,10
variant591_1.c,10
variant591_2.c,10
variant591_3.c,10
variant591_4.c,12
variant591_5.c,10
variant591_6.c,10
variant591_7.c,10
variant591_8.c,10
variant5916.c,10
variant5916_1.c,10
variant5916_2.c,10
variant5916_3.c,10
variant5916_4.c,10
variant5916_5.c,10
variant5916_6.c,20
variant5916_7.c,10
variant5916_8.c,10
variant5927.c,10
variant5927_1.c,20
variant5927_2.c,10
variant5927_3.c,10
variant5927_4.c,10
variant5927_5.c,2
variant5927_6.c,10
variant5927_7.c,20
variant5927_8.c,10
variant5950.c,9
variant5950_1.c,9
variant5950_2.c,9
variant5950_3.c,9
variant5950_4.c,9
variant5950_5.c,9
variant5950_6.c,9
variant5950_7.c,9
variant5950_8.c,9
variant59852.c,20
variant5999.c,20
variant5999_1.c,10
variant5999_2.c,10
variant5999_3.c,10
variant5999_4.c,10
variant5999_5.c,10
variant5999_6.c,10
variant5999_7.c,10
variant5999_8.c,20
variant6020.c,10
variant6020_1.c,30
variant6020_2.c,30
variant6020_3.c,10
variant6020_4.c,10
variant6020_5.c,10
variant6020_6.c,10
variant6020_7.c,10
variant6020_8.c,30
variant6065.c,10
variant6065_1.c,10
variant6065_2.c,10
variant6065_3.c,10
variant6065_4.c,10
variant6065_5.c,10
variant6065_6.c,10
variant6065_7.c,10
variant6065_8.c,10
variant6089.c,9
variant6089_1.c,9
variant6089_2.c,9
variant6089_3.c,9
variant6089_4.c,9
variant6089_5.c,9
variant6089_6.c,9
variant6089_7.c,9
variant6089_8.c,9
variant6106.c,10
variant6106_1.c,10
variant6106_2.c,10
variant6106_3.c,10
variant6106_4.c,10
variant6106_5.c,10
variant6106_6.c,10
variant6106_7.c,10
variant6106_8.c,10
variant6137.c,9
variant6137_1.c,9
variant6137_2.c,9
variant6137_3.c,9
variant6137_4.c,9
variant6137_5.c,9
variant6137_6.c,9
variant6137_7.c,9
variant6137_8.c,9
variant61375.c,17
variant6239.c,20
variant6239_1.c,20
variant6239_2.c,20
variant6239_4.c,20
variant6267.c,9
variant6267_1.c,9
variant6267_2.c,9
variant6267_3.c,9
variant6267_4.c,9
variant6267_5.c,9
variant6267_6.c,9
variant6267_7.c,9
variant6267_8.c,9
variant6268.c,10
variant6268_1.c,10
variant6268_2.c,20
variant6268_3.c,10
variant6268_4.c,10
variant6268_5.c,10
variant6268_6.c,10
variant6268_7.c,20
variant6268_8.c,10
variant6293.c,10
variant6293_1.c,10
variant6293_2.c,10
variant6293_3.c,10
variant6293_4.c,10
variant6293_5.c,10
variant6293_6.c,10
variant6293_7.c,10
variant6293_8.c,10
variant6335.c,15
variant6335_1.c,15
variant6335_2.c,15
variant6335_3.c,15
variant6335_4.c,15
variant6335_5.c,15
variant6335_6.c,15
variant6335_7.c,15
variant6335_8.c,15
variant6337.c,20
variant6353.c,20
variant6353_1.c,20
variant6353_2.c,10
variant6353_3.c,10
variant6353_4.c,10
variant6353_5.c,10
variant6353_6.c,10
variant6353_7.c,10
variant6353_8.c,10
variant64.c,10
variant64_1.c,10
variant64_2.c,10
variant64_3.c,10
variant64_4.c,10
variant64_5.c,10
variant64_6.c,10
variant64_7.c,10
variant64_8.c,10
variant6405.c,9
variant6405_1.c,9
variant6405_2.c,9
variant6405_3.c,9
variant6405_4.c,9
variant6405_5.c,9
variant6405_6.c,9
variant6405_7.c,9
variant6405_8.c,9
variant6412.c,9
variant6412_1.c,9
variant6412_2.c,9
variant6412_3.c,9
variant6412_4.c,9
variant6412_5.c,9
variant6412_6.c,9
variant6412_7.c,9
variant6412_8.c,9
variant6417.c,10
variant6417_1.c,10
variant6417_2.c,10
variant6417_3.c,10
variant6417_4.c,10
variant6417_5.c,10
variant6417_6.c,10
variant6417_7.c,10
variant6417_8.c,10
variant64212.c,20
variant6443.c,20
variant6443_1.c,30
variant6443_2.c,9
variant6443_3.c,30
variant6443_4.c,30
variant6443_5.c,20
variant6443_6.c,20
variant6443_7.c,20
variant6443_8.c,9
variant64560.c,5
variant6465.c,10
variant6465_1.c,10
variant6465_2.c,10
variant6465_3.c,10
variant6465_4.c,10
variant6465_5.c,10
variant6465_6.c,10
variant6465_7.c,10
variant6465_8.c,10
variant6520.c,20
variant6520_1.c,10
variant6520_2.c,10
variant6520_3.c,10
variant6520_4.c,10
variant6520_5.c,10
variant6520_6.c,10
variant6520_7.c,10
variant6520_8.c,10
variant6531.c,20
variant6531_1.c,10
variant6531_2.c,20
variant6531_3.c,10
variant6531_4.c,20
variant6531_5.c,20
variant6531_6.c,10
variant6531_7.c,20
variant6531_8.c,10
variant6573.c,9
variant6573_1.c,9
variant6573_2.c,9
variant6573_3.c,9
variant6573_4.c,9
variant6573_5.c,9
variant6573_6.c,9
variant6573_7.c,9
variant6573_8.c,9
variant6589.c,10
variant6589_1.c,10
variant6589_2.c,10
variant6589_3.c,10
variant6589_4.c,10
variant6589_5.c,10
variant6589_6.c,10
variant6589_7.c,10
variant6589_8.c,10
variant6597.c,10
variant6597_1.c,10
variant6597_2.c,10
variant6597_3.c,10
variant6597_4.c,10
variant6597_5.c,10
variant6597_6.c,10
variant6597_7.c,10
variant6597_8.c,10
variant66.c,9
variant66_1.c,9
variant66_2.c,9
variant66_3.c,9
variant66_4.c,9
variant66_5.c,9
variant66_6.c,9
variant66_7.c,9
variant66_8.c,9
variant6601.c,10
variant6601_1.c,10
variant6601_2.c,10
variant6601_3.c,10
variant6601_4.c,10
variant6601_5.c,10
variant6601_6.c,10
variant6601_7.c,10
variant6601_8.c,10
variant66674.c,5
variant6671.c,9
variant6671_1.c,9
variant6671_2.c,9
variant6671_3.c,9
variant6671_4.c,9
variant6671_5.c,9
variant6671_6.c,9
variant6671_7.c,9
variant6671_8.c,9
variant6694.c,20
variant6694_1.c,30
variant6694_2.c,21
variant6694_3.c,24
variant6694_4.c,20
variant6694_5.c,22
variant6694_6.c,20
variant6694_7.c,9
variant6694_8.c,30
variant6699.c,9
variant6699_1.c,30
variant6699_2.c,9
variant6699_3.c,9
variant6699_4.c,9
variant6699_5.c,30
variant6699_6.c,20
variant6699_7.c,30
variant6699_8.c,20
variant6767.c,10
variant6767_1.c,10
variant6767_2.c,10
variant6767_3.c,10
variant6767_4.c,10
variant6767_5.c,10
variant6767_6.c,10
variant6767_7.c,10
variant6767_8.c,10
variant677.c,10
variant677_1.c,10
variant677_2.c,10
variant677_3.c,10
variant677_4.c,10
variant677_5.c,10
variant677_6.c,10
variant677_7.c,10
variant677_8.c,10
variant6804.c,10
variant6804_1.c,10
variant6804_2.c,10
variant6804_3.c,10
variant6804_4.c,10
variant6804_5.c,10
variant6804_6.c,10
variant6804_7.c,10
variant6804_8.c,10
variant6876.c,9
variant6876_1.c,9
variant6876_2.c,9
variant6876_3.c,9
variant6876_4.c,9
variant6876_5.c,9
variant6876_6.c,9
variant6876_7.c,9
variant6876_8.c,9
variant693.c,9
variant693_1.c,9
variant693_2.c,9
variant693_3.c,9
variant693_4.c,9
variant693_5.c,9
variant693_6.c,9
variant693_7.c,9
variant693_8.c,9
variant6951.c,10
variant6951_1.c,10
variant6951_2.c,10
variant6951_3.c,10
variant6951_4.c,10
variant6951_5.c,10
variant6951_6.c,10
variant6951_7.c,10
variant6951_8.c,10
variant69546.c,18
variant6965.c,9
variant6965_1.c,9
variant6965_2.c,9
variant6965_3.c,9
variant6965_4.c,9
variant6965_5.c,9
variant6965_6.c,9
variant6965_7.c,30
variant6965_8.c,9
variant6976.c,9
variant6976_1.c,9
variant6976_2.c,9
variant6976_3.c,9
variant6976_4.c,9
variant6976_5.c,9
variant6976_6.c,9
variant6976_7.c,9
variant6976_8.c,9
variant6986.c,10
variant6986_1.c,10
variant6986_2.c,10
variant6986_3.c,20
variant6986_4.c,10
variant6986_5.c,10
variant6986_6.c,10
variant6986_7.c,10
variant6986_8.c,10
variant700.c,9
variant700_1.c,9
variant700_2.c,9
variant700_3.c,9
variant700_4.c,9
variant700_5.c,9
variant700_6.c,9
variant700_7.c,9
variant700_8.c,9
variant70387.c,20
variant70807.c,8
variant7083.c,10
variant7083_1.c,10
variant7083_2.c,10
variant7083_3.c,10
variant7083_4.c,10
variant7083_5.c,10
variant7083_6.c,10
variant7083_7.c,10
variant7083_8.c,10
variant7137.c,20
variant7137_1.c,10
variant7137_2.c,10
variant7137_3.c,10
variant7137_4.c,10
variant7137_5.c,10
variant7137_6.c,10
variant7137_7.c,10
variant7137_8.c,10
variant71769.c,20
variant7218.c,10
variant7218_1.c,10
variant7218_2.c,10
variant7218_3.c,10
variant7218_4.c,10
variant7218_5.c,10
variant7218_6.c,10
variant7218_7.c,10
variant7218_8.c,10
variant7222.c,9
variant7222_1.c,9
variant7222_2.c,9
variant7222_3.c,9
variant7222_4.c,9
variant7222_5.c,9
variant7222_6.c,9
variant7222_7.c,9
variant7222_8.c,9
variant7224.c,9
variant7224_1.c,9
variant7224_2.c,9
variant7224_3.c,9
variant7224_4.c,9
variant7224_5.c,9
variant7224_6.c,9
variant7224_7.c,9
variant7224_8.c,9
variant728.c,20
variant728_1.c,10
variant728_2.c,10
variant728_3.c,10
variant728_4.c,2
variant728_5.c,10
variant728_6.c,10
variant728_7.c,20
variant728_8.c,20
variant7324.c,9
variant7324_1.c,9
variant7324_2.c,9
variant7324_3.c,20
variant7324_4.c,20
variant7324_5.c,9
variant7324_6.c,9
variant7324_7.c,9
variant7324_8.c,9
variant7326.c,10
variant7326_1.c,10
variant7326_2.c,12
variant7326_3.c,10
variant7326_4.c,10
variant7326_5.c,10
variant7326_6.c,10
variant7326_7.c,12
variant7326_8.c,10
variant7344.c,10
variant7344_1.c,10
variant7344_2.c,10
variant7344_3.c,10
variant7344_4.c,10
variant7344_5.c,10
variant7344_6.c,10
variant7344_7.c,10
variant7344_8.c,10
variant7352.c,9
variant7352_1.c,20
variant7352_2.c,9
variant7352_3.c,9
variant7352_4.c,9
variant7352_5.c,9
variant7352_6.c,30
variant7352_7.c,9
variant7352_8.c,9
variant7403.c,10
variant7403_1.c,10
variant7403_2.c,10
variant7403_3.c,10
variant7403_4.c,10
variant7403_5.c,10
variant7403_6.c,10
variant7403_7.c,10
variant7403_8.c,10
variant7426.c,20
variant7426_7.c,20
variant7444_5.c,20
variant7451.c,10
variant7451_1.c,10
variant7451_2.c,10
variant7451_3.c,2
variant7451_4.c,10
variant7451_5.c,2
variant7451_6.c,10
variant7451_7.c,20
variant7451_8.c,20
variant7476.c,10
variant7476_1.c,10
variant7476_2.c,10
variant7476_3.c,10
variant7476_4.c,10
variant7476_5.c,10
variant7476_6.c,10
variant7476_7.c,10
variant7476_8.c,10
variant7496.c,10
variant7496_1.c,10
variant7496_2.c,10
variant7496_3.c,10
variant7496_4.c,10
variant7496_5.c,10
variant7496_6.c,10
variant7496_7.c,10
variant7496_8.c,10
variant7536.c,10
variant7536_1.c,10
variant7536_2.c,10
variant7536_3.c,10
variant7536_4.c,10
variant7536_5.c,10
variant7536_6.c,10
variant7536_7.c,10
variant7536_8.c,10
variant75977.c,20
variant7605.c,10
variant7605_1.c,30
variant7605_2.c,10
variant7605_3.c,10
variant7605_4.c,10
variant7605_5.c,10
variant7605_6.c,10
variant7605_7.c,10
variant7605_8.c,10
variant761.c,9
variant761_1.c,9
variant761_2.c,9
variant761_3.c,9
variant761_4.c,9
variant761_5.c,9
variant761_6.c,9
variant761_7.c,9
variant761_8.c,9
variant7644.c,10
variant7644_1.c,10
variant7644_2.c,10
variant7644_3.c,10
variant7644_4.c,10
variant7644_5.c,10
variant7644_6.c,10
variant7644_7.c,10
variant7644_8.c,10
variant76695.c,20
variant76941.c,20
variant7718.c,20
variant7718_1.c,20
variant7718_2.c,20
variant7718_3.c,9
variant7718_4.c,9
variant7718_5.c,30
variant7718_6.c,9
variant7718_7.c,20
variant7718_8.c,9
variant77422.c,20
variant7767.c,10
variant7767_1.c,10
variant7767_2.c,10
variant7767_3.c,20
variant7767_4.c,10
variant7767_5.c,10
variant7767_6.c,10
variant7767_7.c,10
variant7767_8.c,10
variant78130.c,25
variant7879.c,10
variant7879_1.c,10
variant7879_2.c,10
variant7879_3.c,10
variant7879_4.c,10
variant7879_5.c,10
variant7879_6.c,10
variant7879_7.c,10
variant7879_8.c,10
variant79113.c,31
variant80168.c,31
variant8024.c,10
variant8024_1.c,10
variant8024_2.c,10
variant8024_3.c,10
variant8024_4.c,10
variant8024_5.c,10
variant8024_6.c,10
variant8024_7.c,10
variant8024_8.c,12
variant80351.c,5
variant8096.c,20
variant8096_2.c,9
variant8096_4.c,20
variant8144.c,10
variant8144_1.c,10
variant8144_2.c,10
variant8144_3.c,10
variant8144_4.c,10
variant8144_5.c,10
variant8144_6.c,10
variant8144_7.c,10
variant8144_8.c,10
variant8150.c,10
variant8150_1.c,10
variant8150_2.c,10
variant8150_3.c,10
variant8150_4.c,10
variant8150_5.c,10
variant8150_6.c,10
variant8150_7.c,10
variant8150_8.c,10
variant818.c,20
variant818_1.c,9
variant818_2.c,9
variant818_3.c,9
variant818_4.c,9
variant818_5.c,9
variant818_6.c,9
variant818_7.c,20
variant818_8.c,9
variant8241.c,10
variant8241_1.c,10
variant8241_2.c,10
variant8241_3.c,10
variant8241_4.c,10
variant8241_5.c,10
variant8241_6.c,10
variant8241_7.c,10
variant8241_8.c,10
variant8291.c,10
variant8291_1.c,10
variant8291_2.c,10
variant8291_3.c,10
variant8291_4.c,10
variant8291_5.c,10
variant8291_6.c,10
variant8291_7.c,10
variant8291_8.c,10
variant83144.c,20
variant8363.c,10
variant8363_1.c,10
variant8363_2.c,10
variant8363_3.c,10
variant8363_4.c,10
variant8363_5.c,10
variant8363_6.c,10
variant8363_7.c,10
variant8363_8.c,10
variant8386.c,10
variant8386_1.c,10
variant8386_2.c,10
variant8386_3.c,10
variant8386_4.c,10
variant8386_5.c,10
variant8386_6.c,10
variant8386_7.c,10
variant8386_8.c,10
variant8421.c,20
variant8421_1.c,20
variant8421_6.c,20
variant8484.c,10
variant8484_1.c,10
variant8484_2.c,10
variant8484_3.c,10
variant8484_4.c,10
variant8484_5.c,10
variant8484_6.c,10
variant8484_7.c,10
variant8484_8.c,10
variant849.c,10
variant849_1.c,10
variant849_2.c,10
variant849_3.c,10
variant849_4.c,30
variant849_5.c,20
variant849_6.c,10
variant849_7.c,10
variant849_8.c,10
variant8505.c,10
variant8505_1.c,10
variant8505_2.c,10
variant8505_3.c,10
variant8505_4.c,10
variant8505_5.c,10
variant8505_6.c,10
variant8505_7.c,10
variant8505_8.c,10
variant852.c,10
variant852_1.c,10
variant852_2.c,10
variant852_3.c,10
variant852_4.c,10
variant852_5.c,10
variant852_6.c,10
variant852_7.c,10
variant852_8.c,10
variant8543.c,10
variant8543_1.c,10
variant8543_2.c,10
variant8543_3.c,10
variant8543_4.c,10
variant8543_5.c,10
variant8543_6.c,10
variant8543_7.c,10
variant8543_8.c,10
variant8545.c,10
variant8545_1.c,10
variant8545_2.c,10
variant8545_3.c,10
variant8545_4.c,10
variant8545_5.c,10
variant8545_6.c,10
variant8545_7.c,10
variant8545_8.c,10
variant8566.c,9
variant8566_1.c,9
variant8566_2.c,9
variant8566_3.c,9
variant8566_4.c,9
variant8566_5.c,9
variant8566_6.c,9
variant8566_7.c,9
variant8566_8.c,9
variant8570.c,10
variant8570_1.c,10
variant8570_2.c,10
variant8570_3.c,10
variant8570_4.c,10
variant8570_5.c,10
variant8570_6.c,10
variant8570_7.c,10
variant8570_8.c,10
variant85873.c,20
variant860.c,10
variant860_1.c,10
variant860_2.c,10
variant860_3.c,10
variant860_4.c,10
variant860_5.c,10
variant860_6.c,10
variant860_7.c,10
variant860_8.c,10
variant8662.c,9
variant8662_1.c,9
variant8662_2.c,9
variant8662_3.c,9
variant8662_4.c,9
variant8662_5.c,9
variant8662_6.c,9
variant8662_7.c,9
variant8662_8.c,9
variant8665.c,20
variant8665_1.c,9
variant8665_2.c,2
variant8665_3.c,20
variant8665_4.c,20
variant8665_5.c,2
variant8665_6.c,20
variant8665_7.c,20
variant8665_8.c,2
variant8750.c,10
variant8750_1.c,10
variant8750_2.c,10
variant8750_3.c,10
variant8750_4.c,10
variant8750_5.c,10
variant8750_6.c,10
variant8750_7.c,10
variant8750_8.c,10
variant8764.c,10
variant8764_1.c,10
variant8764_2.c,10
variant8764_3.c,10
variant8764_4.c,10
variant8764_5.c,10
variant8764_6.c,10
variant8764_7.c,10
variant8764_8.c,10
variant8765.c,10
variant8765_1.c,10
variant8765_2.c,10
variant8765_3.c,10
variant8765_4.c,10
variant8765_5.c,10
variant8765_6.c,10
variant8765_7.c,10
variant8765_8.c,10
variant8824.c,20
variant8824_3.c,20
variant8824_4.c,20
variant88731.c,11
variant8897.c,9
variant8897_1.c,9
variant8897_2.c,9
variant8897_3.c,9
variant8897_4.c,9
variant8897_5.c,9
variant8897_6.c,9
variant8897_7.c,9
variant8897_8.c,9
variant89689.c,20
variant8989.c,10
variant8989_1.c,10
variant8989_2.c,10
variant8989_3.c,10
variant8989_4.c,10
variant8989_5.c,10
variant8989_6.c,10
variant8989_7.c,10
variant8989_8.c,10
variant9112.c,9
variant9112_1.c,9
variant9112_2.c,9
variant9112_3.c,9
variant9112_4.c,9
variant9112_5.c,9
variant9112_6.c,9
variant9112_7.c,9
variant9112_8.c,9
variant91304.c,20
variant914.c,10
variant914_1.c,10
variant914_2.c,10
variant914_3.c,10
variant914_4.c,10
variant914_5.c,10
variant914_6.c,10
variant914_7.c,10
variant914_8.c,10
variant9176.c,10
variant9176_1.c,10
variant9176_2.c,10
variant9176_3.c,10
variant9176_4.c,10
variant9176_5.c,10
variant9176_6.c,10
variant9176_7.c,10
variant9176_8.c,10
variant92009.c,20
variant9206.c,9
variant9206_1.c,9
variant9206_2.c,9
variant9206_3.c,9
variant9206_4.c,9
variant9206_5.c,9
variant9206_6.c,9
variant9206_7.c,9
variant9206_8.c,9
variant921.c,10
variant921_1.c,10
variant921_2.c,10
variant921_3.c,10
variant921_4.c,10
variant921_5.c,10
variant921_6.c,20
variant921_7.c,20
variant921_8.c,10
variant928.c,10
variant928_1.c,10
variant928_2.c,10
variant928_3.c,10
variant928_4.c,10
variant928_5.c,10
variant928_6.c,10
variant928_7.c,10
variant928_8.c,10
variant9301.c,10
variant9301_1.c,10
variant9301_2.c,10
variant9301_3.c,30
variant9301_4.c,10
variant9301_5.c,20
variant9301_6.c,20
variant9301_7.c,10
variant9301_8.c,10
variant9311.c,10
variant9311_1.c,10
variant9311_2.c,10
variant9311_3.c,10
variant9311_4.c,10
variant9311_5.c,10
variant9311_6.c,10
variant9311_7.c,10
variant9311_8.c,10
variant93436.c,5
variant9399.c,9
variant9399_1.c,9
variant9399_2.c,9
variant9399_3.c,9
variant9399_4.c,9
variant9399_5.c,9
variant9399_6.c,9
variant9399_7.c,9
variant9399_8.c,9
variant9435.c,10
variant9435_1.c,10
variant9435_2.c,10
variant9435_3.c,10
variant9435_4.c,10
variant9435_5.c,10
variant9435_6.c,10
variant9435_7.c,10
variant9435_8.c,10
variant9438.c,10
variant9438_1.c,12
variant9438_2.c,10
variant9438_3.c,10
variant9438_4.c,12
variant9438_5.c,12
variant9438_6.c,10
variant9438_7.c,10
variant9438_8.c,10
variant9464.c,10
variant9464_1.c,10
variant9464_2.c,10
variant9464_3.c,10
variant9464_4.c,10
variant9464_5.c,10
variant9464_6.c,10
variant9464_7.c,10
variant9464_8.c,10
variant947.c,10
variant947_1.c,10
variant947_2.c,10
variant947_3.c,10
variant947_4.c,10
variant947_5.c,10
variant947_6.c,10
variant947_7.c,10
variant947_8.c,10
variant9470_1.c,9
variant9470_3.c,20
variant9470_6.c,31
variant9499.c,10
variant9499_1.c,10
variant9499_2.c,10
variant9499_3.c,10
variant9499_4.c,10
variant9499_5.c,10
variant9499_6.c,10
variant9499_7.c,10
variant9499_8.c,10
variant9509.c,20
variant9509_2.c,20
variant9509_3.c,20
variant9509_5.c,20
variant9509_6.c,20
variant9509_7.c,20
variant9509_8.c,20
variant955.c,10
variant955_1.c,10
variant955_2.c,10
variant955_3.c,10
variant955_4.c,10
variant955_5.c,10
variant955_6.c,10
variant955_7.c,10
variant955_8.c,10
variant9581.c,10
variant9581_1.c,10
variant9581_2.c,10
variant9581_3.c,10
variant9581_4.c,10
variant9581_5.c,10
variant9581_6.c,10
variant9581_7.c,10
variant9581_8.c,10
variant9640.c,10
variant9640_1.c,10
variant9640_2.c,10
variant9640_3.c,10
variant9640_4.c,10
variant9640_5.c,10
variant9640_6.c,10
variant9640_7.c,10
variant9640_8.c,10
variant9647.c,10
variant9647_1.c,10
variant9647_2.c,10
variant9647_3.c,10
variant9647_4.c,10
variant9647_5.c,10
variant9647_6.c,10
variant9647_7.c,10
variant9647_8.c,10
variant96871.c,19
variant9703.c,10
variant9703_1.c,10
variant9703_2.c,10
variant9703_3.c,10
variant9703_4.c,10
variant9703_5.c,10
variant9703_6.c,10
variant9703_7.c,10
variant9703_8.c,10
variant9731.c,20
variant9731_1.c,20
variant9731_2.c,20
variant9731_3.c,20
variant9731_4.c,20
variant9731_5.c,9
variant9731_6.c,20
variant9731_7.c,20
variant9731_8.c,9
variant97384.c,20
variant9761.c,9
variant9761_1.c,20
variant9761_2.c,9
variant9761_3.c,9
variant9761_4.c,9
variant9761_5.c,9
variant9761_6.c,20
variant9761_7.c,9
variant9761_8.c,9
variant9800.c,9
variant9800_1.c,20
variant9800_2.c,20
variant9800_3.c,30
variant9800_4.c,9
variant9800_5.c,20
variant9800_6.c,20
variant9800_7.c,9
variant9800_8.c,20
variant9846.c,9
variant9846_1.c,9
variant9846_2.c,9
variant9846_3.c,9
variant9846_4.c,9
variant9846_5.c,9
variant9846_6.c,9
variant9846_7.c,9
variant9846_8.c,9
variant9877.c,10
variant9877_1.c,10
variant9877_2.c,10
variant9877_3.c,10
variant9877_4.c,10
variant9877_5.c,10
variant9877_6.c,10
variant9877_7.c,10
variant9877_8.c,10
variant9880.c,20
variant99422.c,20
variant9949.c,10
variant9949_1.c,10
variant9949_2.c,10
variant9949_3.c,10
variant9949_4.c,10
variant9949_5.c,10
variant9949_6.c,10
variant9949_7.c,10
variant9949_8.c,10
