variant10035.c,1
variant10035_1.c,1
variant10035_2.c,1
variant10035_3.c,1
variant10035_4.c,1
variant10035_5.c,1
variant10035_6.c,1
variant10035_7.c,1
variant10035_8.c,1
variant1009.c,1
variant1009_1.c,1
variant1009_2.c,1
variant1009_3.c,1
variant1009_4.c,1
variant1009_5.c,1
variant1009_6.c,1
variant1009_7.c,1
variant1009_8.c,1
variant10272.c,1
variant10272_1.c,1
variant10272_2.c,1
variant10272_3.c,1
variant10272_4.c,1
variant10272_5.c,1
variant10272_6.c,1
variant10272_7.c,1
variant10272_8.c,1
variant10295.c,30
variant10295_1.c,1
variant10295_2.c,1
variant10295_3.c,1
variant10295_4.c,1
variant10295_5.c,1
variant10295_6.c,1
variant10295_7.c,1
variant10295_8.c,1
variant1035.c,1
variant1035_2.c,1
variant1035_3.c,1
variant1035_6.c,30
variant1035_7.c,1
variant10352.c,1
variant10352_1.c,1
variant10352_2.c,1
variant10352_3.c,1
variant10352_4.c,1
variant10352_5.c,1
variant10352_6.c,1
variant10352_7.c,1
variant10352_8.c,1
variant10457.c,1
variant10457_1.c,1
variant10457_2.c,1
variant10457_3.c,1
variant10457_4.c,1
variant10457_5.c,1
variant10457_6.c,1
variant10457_7.c,1
variant10457_8.c,1
variant1052.c,1
variant1052_1.c,1
variant1052_2.c,1
variant1052_3.c,1
variant1052_4.c,1
variant1052_5.c,1
variant1052_6.c,1
variant1052_7.c,1
variant1052_8.c,1
variant10605.c,1
variant10605_1.c,1
variant10605_2.c,1
variant10605_3.c,1
variant10605_4.c,1
variant10605_5.c,1
variant10605_6.c,1
variant10605_7.c,1
variant10605_8.c,1
variant1086.c,1
variant1086_1.c,1
variant1086_2.c,1
variant1086_3.c,1
variant1086_4.c,1
variant1086_5.c,1
variant1086_6.c,1
variant1086_7.c,1
variant1086_8.c,1
variant10861.c,1
variant10861_1.c,1
variant10861_2.c,1
variant10861_3.c,1
variant10861_4.c,1
variant10861_5.c,1
variant10861_6.c,1
variant10861_7.c,1
variant10861_8.c,1
variant109_1.c,1
variant109_2.c,1
variant109_3.c,1
variant109_4.c,1
variant109_5.c,1
variant109_7.c,1
variant109_8.c,1
variant10967.c,1
variant10967_1.c,1
variant10967_2.c,1
variant10967_3.c,7
variant10967_4.c,1
variant10967_5.c,1
variant10967_6.c,1
variant10967_7.c,1
variant10967_8.c,1
variant11038.c,1
variant11038_1.c,1
variant11038_2.c,1
variant11038_3.c,1
variant11038_4.c,1
variant11038_5.c,1
variant11038_6.c,1
variant11038_7.c,1
variant11038_8.c,1
variant11133.c,1
variant11133_1.c,1
variant11133_2.c,1
variant11133_3.c,1
variant11133_4.c,1
variant11133_5.c,1
variant11133_6.c,1
variant11133_7.c,1
variant11133_8.c,1
variant11167.c,1
variant11167_1.c,1
variant11167_2.c,1
variant11167_3.c,1
variant11167_4.c,1
variant11167_5.c,1
variant11167_6.c,1
variant11167_7.c,1
variant11167_8.c,1
variant11199_1.c,10
variant11199_4.c,30
variant11199_5.c,30
variant11233.c,1
variant11233_1.c,1
variant11233_2.c,1
variant11233_3.c,1
variant11233_4.c,1
variant11233_5.c,1
variant11233_6.c,1
variant11233_7.c,1
variant11233_8.c,1
variant11259.c,14
variant11259_1.c,14
variant11259_2.c,14
variant11259_3.c,14
variant11259_4.c,14
variant11259_5.c,14
variant11259_6.c,14
variant11259_7.c,14
variant11259_8.c,14
variant11372.c,1
variant11372_1.c,30
variant11372_2.c,1
variant11372_3.c,1
variant11372_4.c,7
variant11372_5.c,1
variant11372_6.c,1
variant11372_7.c,1
variant11372_8.c,1
variant11397.c,1
variant11397_1.c,1
variant11397_2.c,1
variant11397_3.c,1
variant11397_4.c,1
variant11397_5.c,1
variant11397_6.c,1
variant11397_7.c,1
variant11397_8.c,1
variant11480_3.c,26
variant11607.c,1
variant11607_1.c,1
variant11607_2.c,1
variant11607_3.c,1
variant11607_4.c,1
variant11607_5.c,1
variant11607_6.c,1
variant11607_7.c,1
variant11607_8.c,1
variant11650.c,1
variant11650_1.c,1
variant11650_2.c,1
variant11650_3.c,1
variant11650_4.c,1
variant11650_5.c,1
variant11650_6.c,1
variant11650_7.c,1
variant11650_8.c,1
variant11652.c,1
variant11652_1.c,1
variant11652_4.c,7
variant11652_8.c,1
variant11720.c,1
variant11720_1.c,1
variant11720_2.c,1
variant11720_3.c,1
variant11720_4.c,1
variant11720_5.c,1
variant11720_6.c,1
variant11720_7.c,1
variant11720_8.c,1
variant11761.c,1
variant11761_1.c,1
variant11761_2.c,1
variant11761_3.c,1
variant11761_4.c,1
variant11761_5.c,1
variant11761_6.c,1
variant11761_7.c,1
variant11761_8.c,1
variant1192.c,30
variant1192_1.c,1
variant1192_2.c,1
variant1192_3.c,1
variant1192_4.c,1
variant1192_5.c,1
variant1192_6.c,1
variant1192_7.c,1
variant1192_8.c,1
variant11987.c,1
variant11987_1.c,1
variant11987_2.c,1
variant11987_3.c,1
variant11987_4.c,1
variant11987_5.c,30
variant11987_6.c,1
variant11987_7.c,1
variant11987_8.c,1
variant12005_1.c,17
variant12005_2.c,1
variant12005_3.c,1
variant12005_4.c,1
variant12005_5.c,1
variant12005_6.c,17
variant12005_7.c,1
variant12005_8.c,1
variant12018.c,1
variant12018_1.c,1
variant12018_2.c,1
variant12018_3.c,1
variant12018_4.c,1
variant12018_5.c,1
variant12018_6.c,1
variant12018_7.c,1
variant12018_8.c,1
variant12030_1.c,19
variant12030_3.c,19
variant12030_5.c,1
variant12030_6.c,19
variant12030_7.c,1
variant12030_8.c,19
variant12031.c,25
variant12031_1.c,25
variant12031_2.c,25
variant12031_3.c,25
variant12031_4.c,25
variant12031_5.c,25
variant12031_6.c,25
variant12031_7.c,25
variant12031_8.c,25
variant12033.c,1
variant12033_1.c,1
variant12033_2.c,1
variant12033_3.c,1
variant12033_4.c,1
variant12033_5.c,1
variant12033_6.c,1
variant12033_7.c,1
variant12033_8.c,1
variant12074.c,1
variant12074_1.c,1
variant12074_2.c,1
variant12074_5.c,1
variant12284.c,1
variant12284_1.c,1
variant12284_2.c,1
variant12284_3.c,1
variant12284_4.c,1
variant12284_5.c,1
variant12284_6.c,1
variant12284_7.c,1
variant12284_8.c,1
variant12301.c,1
variant12301_1.c,1
variant12301_2.c,1
variant12301_3.c,1
variant12301_4.c,1
variant12301_5.c,1
variant12301_6.c,1
variant12301_7.c,1
variant12301_8.c,1
variant12359_1.c,1
variant12359_2.c,1
variant12359_3.c,1
variant12359_4.c,1
variant12359_5.c,1
variant12359_6.c,1
variant12359_7.c,1
variant12359_8.c,1
variant12460.c,1
variant12460_1.c,1
variant12460_2.c,1
variant12460_3.c,1
variant12460_4.c,1
variant12460_5.c,1
variant12460_6.c,1
variant12460_7.c,30
variant12460_8.c,1
variant12522.c,1
variant12522_1.c,1
variant12522_2.c,1
variant12522_3.c,1
variant12522_4.c,1
variant12522_5.c,1
variant12522_6.c,1
variant12522_7.c,1
variant12522_8.c,1
variant12526_3.c,25
variant12526_5.c,1
variant12526_6.c,25
variant12526_7.c,1
variant12552_1.c,1
variant12552_2.c,1
variant12552_3.c,1
variant12552_4.c,1
variant12552_5.c,1
variant12552_6.c,1
variant12552_7.c,1
variant12552_8.c,1
variant12597.c,1
variant12597_1.c,1
variant12597_2.c,1
variant12597_3.c,1
variant12597_4.c,1
variant12597_5.c,1
variant12597_6.c,1
variant12597_7.c,1
variant12597_8.c,1
variant12608.c,1
variant12608_1.c,1
variant12608_2.c,1
variant12608_3.c,1
variant12608_4.c,1
variant12608_5.c,1
variant12608_6.c,1
variant12608_7.c,1
variant12608_8.c,1
variant1263.c,30
variant1263_1.c,1
variant1263_2.c,1
variant1263_3.c,1
variant1263_4.c,1
variant1263_5.c,1
variant1263_6.c,1
variant1263_7.c,1
variant1263_8.c,1
variant12841.c,1
variant12841_1.c,1
variant12841_2.c,1
variant12841_3.c,1
variant12841_4.c,1
variant12841_5.c,1
variant12841_6.c,1
variant12841_7.c,1
variant12841_8.c,1
variant12879.c,1
variant12879_1.c,1
variant12879_2.c,1
variant12879_3.c,1
variant12879_4.c,1
variant12879_5.c,1
variant12879_6.c,1
variant12879_7.c,1
variant12879_8.c,7
variant12887.c,1
variant12887_1.c,1
variant12887_2.c,1
variant12887_3.c,1
variant12887_5.c,7
variant12887_6.c,1
variant12890.c,1
variant12890_1.c,1
variant12890_2.c,1
variant12890_3.c,1
variant12890_4.c,1
variant12890_5.c,1
variant12890_6.c,1
variant12890_7.c,1
variant12890_8.c,1
variant12999.c,1
variant12999_1.c,7
variant12999_2.c,1
variant12999_3.c,7
variant12999_4.c,1
variant12999_5.c,1
variant12999_6.c,1
variant12999_7.c,1
variant12999_8.c,1
variant13171.c,1
variant13171_1.c,1
variant13171_2.c,1
variant13171_3.c,1
variant13171_4.c,1
variant13171_5.c,1
variant13171_6.c,1
variant13171_7.c,1
variant13171_8.c,1
variant13231.c,1
variant13231_1.c,1
variant13231_2.c,1
variant13231_3.c,1
variant13231_4.c,1
variant13231_5.c,1
variant13231_6.c,1
variant13231_7.c,1
variant13231_8.c,1
variant1334_2.c,1
variant1334_3.c,1
variant1334_4.c,30
variant13360_1.c,1
variant13360_8.c,1
variant13388.c,1
variant13388_1.c,1
variant13388_2.c,1
variant13388_3.c,1
variant13388_4.c,1
variant13388_5.c,1
variant13388_6.c,1
variant13388_7.c,1
variant13388_8.c,1
variant13453.c,1
variant13453_1.c,1
variant13453_2.c,1
variant13453_3.c,1
variant13453_4.c,1
variant13453_5.c,1
variant13453_6.c,1
variant13453_7.c,30
variant13453_8.c,1
variant13491.c,30
variant13491_2.c,30
variant13491_3.c,30
variant13491_5.c,30
variant13491_6.c,30
variant13605.c,1
variant13605_1.c,1
variant13605_2.c,1
variant13605_3.c,1
variant13605_4.c,1
variant13605_5.c,1
variant13605_6.c,1
variant13605_7.c,1
variant13605_8.c,1
variant13614.c,1
variant13614_1.c,1
variant13614_2.c,1
variant13614_3.c,1
variant13614_4.c,1
variant13614_5.c,1
variant13614_6.c,1
variant13614_7.c,1
variant13614_8.c,1
variant13679.c,1
variant13679_1.c,1
variant13679_2.c,1
variant13679_3.c,1
variant13679_4.c,1
variant13679_5.c,1
variant13679_6.c,1
variant13679_7.c,1
variant13679_8.c,1
variant13693.c,1
variant13693_1.c,1
variant13693_2.c,1
variant13693_3.c,1
variant13693_4.c,1
variant13693_5.c,1
variant13693_6.c,1
variant13693_7.c,1
variant13693_8.c,1
variant13699.c,1
variant13699_1.c,1
variant13699_2.c,7
variant13699_3.c,1
variant13699_4.c,1
variant13699_5.c,1
variant13699_6.c,1
variant13699_7.c,1
variant13699_8.c,1
variant13708.c,1
variant13708_1.c,1
variant13708_2.c,1
variant13708_3.c,1
variant13708_4.c,1
variant13708_5.c,1
variant13708_6.c,1
variant13708_7.c,1
variant13708_8.c,1
variant13772.c,1
variant13772_1.c,1
variant13772_2.c,1
variant13772_3.c,1
variant13772_4.c,1
variant13772_5.c,1
variant13772_6.c,1
variant13772_7.c,1
variant13772_8.c,1
variant13774_1.c,16
variant13774_2.c,16
variant13774_4.c,16
variant13774_5.c,16
variant13774_8.c,16
variant13792.c,1
variant13792_1.c,1
variant13792_2.c,1
variant13792_3.c,1
variant13792_4.c,30
variant13792_5.c,30
variant13792_6.c,1
variant13792_7.c,1
variant13792_8.c,1
variant13830.c,1
variant13830_1.c,30
variant13830_2.c,1
variant13830_3.c,1
variant13830_4.c,1
variant13830_5.c,1
variant13830_6.c,1
variant13830_7.c,30
variant13830_8.c,1
variant14049.c,1
variant14049_1.c,1
variant14049_2.c,1
variant14049_3.c,1
variant14049_4.c,1
variant14049_5.c,1
variant14049_6.c,1
variant14049_7.c,1
variant14049_8.c,1
variant14346.c,1
variant14346_1.c,1
variant14346_2.c,1
variant14346_3.c,1
variant14346_4.c,1
variant14346_5.c,1
variant14346_6.c,1
variant14346_7.c,1
variant14346_8.c,1
variant14358.c,1
variant14358_1.c,1
variant14358_2.c,1
variant14358_3.c,1
variant14358_4.c,1
variant14358_5.c,1
variant14358_6.c,1
variant14358_7.c,1
variant14358_8.c,1
variant14366.c,7
variant14366_1.c,1
variant14366_2.c,1
variant14366_3.c,1
variant14366_4.c,1
variant14366_5.c,1
variant14366_6.c,1
variant14366_7.c,1
variant14366_8.c,1
variant14376_1.c,1
variant14376_2.c,1
variant14376_3.c,1
variant14376_4.c,1
variant14376_5.c,1
variant14376_6.c,1
variant14376_7.c,1
variant14376_8.c,1
variant14434.c,1
variant14434_1.c,1
variant14434_2.c,1
variant14434_3.c,1
variant14434_4.c,1
variant14434_5.c,1
variant14434_6.c,1
variant14434_7.c,1
variant14434_8.c,1
variant14437.c,30
variant14437_1.c,30
variant14437_2.c,30
variant14437_3.c,30
variant14437_4.c,30
variant14673.c,1
variant14673_1.c,1
variant14673_2.c,1
variant14673_3.c,1
variant14673_4.c,1
variant14673_5.c,1
variant14673_6.c,1
variant14673_7.c,1
variant14673_8.c,1
variant14831.c,1
variant14831_1.c,1
variant14831_2.c,1
variant14831_3.c,1
variant14831_4.c,1
variant14831_5.c,1
variant14831_6.c,1
variant14831_7.c,1
variant14831_8.c,1
variant14868.c,1
variant14868_1.c,1
variant14868_2.c,1
variant14868_3.c,1
variant14868_4.c,1
variant14868_5.c,1
variant14868_6.c,1
variant14868_7.c,1
variant14868_8.c,1
variant1498_1.c,7
variant1498_2.c,19
variant1498_3.c,7
variant1498_4.c,7
variant1498_5.c,7
variant1498_6.c,19
variant1498_7.c,19
variant1498_8.c,19
variant15011_3.c,1
variant15011_5.c,1
variant15011_6.c,1
variant15011_8.c,1
variant15095.c,1
variant15095_1.c,30
variant15095_2.c,1
variant15095_3.c,1
variant15095_4.c,1
variant15095_5.c,1
variant15095_6.c,1
variant15095_7.c,1
variant15095_8.c,1
variant15108.c,1
variant15108_1.c,1
variant15108_2.c,1
variant15108_3.c,1
variant15108_4.c,1
variant15108_5.c,1
variant15108_6.c,1
variant15108_7.c,1
variant15108_8.c,1
variant15128.c,7
variant15275.c,1
variant15275_1.c,1
variant15275_2.c,1
variant15275_3.c,1
variant15275_4.c,1
variant15275_5.c,1
variant15275_6.c,1
variant15275_7.c,1
variant15275_8.c,1
variant15385.c,1
variant15385_1.c,1
variant15385_2.c,1
variant15385_3.c,1
variant15385_4.c,1
variant15385_5.c,1
variant15385_6.c,1
variant15385_7.c,1
variant15385_8.c,1
variant15391.c,1
variant15391_1.c,1
variant15391_2.c,1
variant15391_3.c,1
variant15391_4.c,1
variant15391_5.c,1
variant15391_6.c,1
variant15391_7.c,1
variant15391_8.c,1
variant15440.c,25
variant15440_1.c,25
variant15440_2.c,25
variant15440_3.c,1
variant15440_4.c,1
variant15440_5.c,1
variant15440_6.c,1
variant15440_7.c,1
variant15440_8.c,1
variant15483.c,1
variant15483_1.c,1
variant15483_2.c,1
variant15483_3.c,1
variant15483_4.c,1
variant15483_5.c,1
variant15483_6.c,1
variant15483_7.c,1
variant15483_8.c,1
variant15602.c,1
variant15602_1.c,1
variant15602_2.c,1
variant15602_3.c,1
variant15602_4.c,1
variant15602_5.c,30
variant15602_6.c,1
variant15602_7.c,1
variant15602_8.c,1
variant1564.c,1
variant1564_1.c,1
variant1564_2.c,1
variant1564_3.c,1
variant1564_4.c,1
variant1564_5.c,1
variant1564_6.c,1
variant1564_7.c,1
variant1564_8.c,1
variant15660.c,1
variant15660_1.c,1
variant15660_2.c,1
variant15660_3.c,1
variant15660_4.c,1
variant15660_5.c,1
variant15660_6.c,1
variant15660_7.c,1
variant15660_8.c,1
variant15707.c,1
variant15707_1.c,1
variant15707_2.c,1
variant15707_3.c,1
variant15707_4.c,1
variant15707_5.c,1
variant15707_6.c,1
variant15707_7.c,1
variant15707_8.c,1
variant15718_1.c,1
variant15718_2.c,1
variant15718_3.c,1
variant15718_5.c,1
variant15718_6.c,1
variant15718_8.c,1
variant15737.c,1
variant15737_1.c,1
variant15737_2.c,1
variant15737_3.c,1
variant15737_4.c,1
variant15737_5.c,1
variant15737_6.c,1
variant15737_7.c,1
variant15737_8.c,1
variant1591_2.c,26
variant15925.c,1
variant15925_1.c,1
variant15925_2.c,1
variant15925_3.c,1
variant15925_4.c,1
variant15925_5.c,1
variant15925_6.c,1
variant15925_7.c,1
variant15925_8.c,1
variant1594.c,1
variant1594_1.c,1
variant1594_2.c,1
variant1594_3.c,1
variant1594_4.c,1
variant1594_5.c,1
variant1594_6.c,1
variant1594_7.c,1
variant1594_8.c,1
variant15968_1.c,18
variant15968_4.c,7
variant15968_5.c,18
variant15968_6.c,18
variant15968_8.c,18
variant16.c,1
variant16_1.c,1
variant16_2.c,1
variant16_3.c,1
variant16_4.c,1
variant16_5.c,1
variant16_6.c,1
variant16_7.c,1
variant16_8.c,1
variant16022.c,7
variant16022_3.c,7
variant16028.c,1
variant16028_1.c,1
variant16028_2.c,1
variant16028_3.c,1
variant16028_4.c,30
variant16028_5.c,1
variant16028_6.c,1
variant16028_7.c,1
variant16028_8.c,1
variant16134.c,1
variant16134_1.c,1
variant16134_2.c,1
variant16134_3.c,1
variant16134_4.c,1
variant16134_5.c,1
variant16134_6.c,1
variant16134_7.c,1
variant16134_8.c,1
variant16145.c,1
variant16145_1.c,30
variant16145_2.c,1
variant16145_3.c,1
variant16145_4.c,1
variant16145_5.c,1
variant16145_6.c,1
variant16145_7.c,1
variant16145_8.c,1
variant16160_1.c,1
variant16160_5.c,1
variant16160_7.c,1
variant16197_1.c,19
variant16197_2.c,19
variant16197_4.c,19
variant16197_7.c,19
variant16211.c,1
variant16211_1.c,1
variant16211_2.c,1
variant16211_3.c,1
variant16211_4.c,1
variant16211_5.c,1
variant16211_6.c,1
variant16211_7.c,1
variant16211_8.c,1
variant16259.c,1
variant16259_1.c,1
variant16259_2.c,1
variant16259_3.c,1
variant16259_4.c,1
variant16259_5.c,1
variant16259_6.c,1
variant16259_7.c,1
variant16259_8.c,1
variant1633.c,1
variant1633_1.c,1
variant1633_2.c,1
variant1633_3.c,1
variant1633_4.c,1
variant1633_5.c,1
variant1633_6.c,1
variant1633_7.c,1
variant1633_8.c,1
variant16380.c,1
variant16380_1.c,1
variant16380_2.c,1
variant16380_3.c,1
variant16380_4.c,1
variant16380_5.c,1
variant16380_6.c,1
variant16380_7.c,1
variant16380_8.c,1
variant1639_4.c,21
variant16453.c,1
variant16453_1.c,1
variant16453_2.c,1
variant16453_3.c,1
variant16453_4.c,1
variant16453_5.c,1
variant16453_6.c,1
variant16453_7.c,1
variant16453_8.c,1
variant16463.c,1
variant16463_1.c,1
variant16463_2.c,1
variant16463_3.c,1
variant16463_4.c,1
variant16463_5.c,1
variant16463_6.c,1
variant16463_7.c,1
variant16463_8.c,1
variant16470_2.c,1
variant16470_3.c,1
variant16470_4.c,1
variant16470_6.c,1
variant16532_8.c,11
variant16573.c,1
variant16573_1.c,1
variant16573_2.c,1
variant16573_3.c,1
variant16573_4.c,1
variant16573_5.c,1
variant16573_6.c,1
variant16573_7.c,1
variant16573_8.c,1
variant16601.c,1
variant16601_1.c,1
variant16601_2.c,1
variant16601_3.c,1
variant16601_4.c,1
variant16601_5.c,1
variant16601_6.c,1
variant16601_7.c,1
variant16601_8.c,1
variant16603.c,1
variant16603_1.c,1
variant16603_2.c,1
variant16603_3.c,1
variant16603_4.c,1
variant16603_5.c,1
variant16603_6.c,1
variant16603_7.c,1
variant16603_8.c,1
variant16661.c,1
variant16661_1.c,1
variant16661_2.c,1
variant16661_3.c,1
variant16661_4.c,1
variant16661_5.c,1
variant16661_6.c,1
variant16661_7.c,1
variant16661_8.c,1
variant16678.c,1
variant16678_1.c,1
variant16678_2.c,1
variant16678_3.c,1
variant16678_4.c,1
variant16678_5.c,1
variant16678_6.c,1
variant16678_7.c,1
variant16678_8.c,1
variant1670.c,1
variant1670_1.c,1
variant1670_4.c,1
variant1670_5.c,1
variant1670_6.c,1
variant1670_7.c,1
variant1678.c,1
variant1678_2.c,1
variant1678_3.c,1
variant1678_4.c,1
variant1678_5.c,1
variant1678_6.c,1
variant1678_7.c,1
variant1678_8.c,1
variant1682_5.c,1
variant16858.c,1
variant16858_1.c,1
variant16858_2.c,1
variant16858_3.c,1
variant16858_4.c,1
variant16858_5.c,1
variant16858_6.c,1
variant16858_7.c,1
variant16858_8.c,1
variant16969.c,1
variant16969_1.c,1
variant16969_2.c,1
variant16969_3.c,1
variant16969_4.c,1
variant16969_5.c,1
variant16969_6.c,1
variant16969_7.c,1
variant16969_8.c,1
variant16993.c,1
variant16993_1.c,1
variant16993_2.c,1
variant16993_3.c,1
variant16993_4.c,1
variant16993_5.c,1
variant16993_6.c,1
variant16993_7.c,1
variant16993_8.c,1
variant17003.c,1
variant17003_1.c,1
variant17003_2.c,1
variant17003_3.c,1
variant17003_4.c,1
variant17003_5.c,1
variant17003_6.c,1
variant17003_7.c,1
variant17003_8.c,1
variant17044.c,1
variant17044_1.c,1
variant17044_2.c,1
variant17044_3.c,1
variant17044_4.c,1
variant17044_5.c,1
variant17044_6.c,1
variant17044_7.c,1
variant17044_8.c,1
variant17052_6.c,7
variant17062.c,1
variant17062_1.c,1
variant17062_2.c,1
variant17062_3.c,1
variant17062_4.c,1
variant17062_5.c,1
variant17062_6.c,1
variant17062_7.c,1
variant17062_8.c,1
variant17110_3.c,18
variant17110_5.c,18
variant17110_7.c,18
variant17110_8.c,18
variant17268.c,25
variant17268_1.c,25
variant17268_2.c,25
variant17268_3.c,25
variant17268_4.c,25
variant17268_5.c,25
variant17268_6.c,25
variant17268_7.c,25
variant17268_8.c,25
variant17310.c,29
variant17310_1.c,29
variant17310_4.c,29
variant17310_5.c,29
variant17310_7.c,29
variant17490.c,1
variant17490_1.c,1
variant17490_2.c,1
variant17490_3.c,1
variant17490_4.c,1
variant17490_5.c,1
variant17490_6.c,1
variant17490_7.c,1
variant17490_8.c,1
variant17503.c,1
variant17503_1.c,1
variant17503_2.c,1
variant17503_3.c,1
variant17503_5.c,1
variant17503_6.c,1
variant17503_7.c,1
variant17503_8.c,1
variant17789_1.c,30
variant17789_4.c,30
variant17789_5.c,30
variant17858.c,1
variant17858_1.c,1
variant17858_2.c,1
variant17858_3.c,1
variant17858_4.c,1
variant17858_5.c,1
variant17858_6.c,1
variant17858_7.c,1
variant17858_8.c,1
variant17886.c,1
variant17886_1.c,1
variant17886_2.c,1
variant17886_3.c,1
variant17886_4.c,1
variant17886_5.c,1
variant17886_6.c,1
variant17886_7.c,1
variant17886_8.c,1
variant1789.c,1
variant1789_1.c,1
variant1789_2.c,1
variant1789_3.c,1
variant1789_4.c,1
variant1789_5.c,1
variant1789_6.c,1
variant1789_7.c,1
variant1789_8.c,1
variant17897.c,1
variant17897_1.c,1
variant17897_2.c,1
variant17897_3.c,1
variant17897_4.c,1
variant17897_5.c,1
variant17897_6.c,1
variant17897_7.c,1
variant17897_8.c,1
variant1790.c,1
variant1790_1.c,1
variant1790_2.c,1
variant1790_3.c,1
variant1790_4.c,1
variant1790_5.c,1
variant1790_6.c,1
variant1790_7.c,1
variant1790_8.c,7
variant17970.c,1
variant17970_1.c,1
variant17970_2.c,1
variant17970_3.c,1
variant17970_4.c,1
variant17970_5.c,1
variant17970_6.c,1
variant17970_7.c,1
variant17970_8.c,1
variant18090.c,30
variant18090_1.c,1
variant18090_2.c,1
variant18090_3.c,1
variant18090_4.c,1
variant18090_5.c,1
variant18090_6.c,1
variant18090_7.c,1
variant18090_8.c,1
variant18091.c,1
variant18091_1.c,1
variant18091_2.c,1
variant18091_3.c,1
variant18091_4.c,1
variant18091_5.c,1
variant18091_6.c,1
variant18091_7.c,1
variant18091_8.c,1
variant18103.c,1
variant18103_1.c,30
variant18103_2.c,1
variant18103_3.c,1
variant18103_4.c,1
variant18103_5.c,1
variant18103_6.c,30
variant18103_7.c,1
variant18103_8.c,1
variant18125.c,1
variant18125_1.c,1
variant18125_2.c,1
variant18125_3.c,1
variant18125_4.c,1
variant18125_5.c,1
variant18125_6.c,1
variant18125_7.c,1
variant18125_8.c,1
variant18166_3.c,30
variant1817.c,1
variant1817_1.c,1
variant1817_2.c,1
variant1817_3.c,1
variant1817_4.c,1
variant1817_5.c,1
variant1817_6.c,1
variant1817_7.c,1
variant1817_8.c,1
variant18409.c,1
variant18409_1.c,1
variant18409_2.c,1
variant18409_3.c,1
variant18409_4.c,1
variant18409_5.c,1
variant18409_6.c,1
variant18409_7.c,1
variant18409_8.c,1
variant18444.c,1
variant18444_1.c,1
variant18444_2.c,1
variant18444_3.c,1
variant18444_4.c,1
variant18444_5.c,1
variant18444_6.c,1
variant18444_7.c,1
variant18444_8.c,1
variant18471.c,1
variant18471_1.c,1
variant18471_2.c,1
variant18471_3.c,1
variant18471_4.c,1
variant18471_6.c,1
variant18471_7.c,1
variant18471_8.c,1
variant18482_2.c,1
variant18482_3.c,1
variant18482_4.c,1
variant18482_6.c,1
variant18482_7.c,1
variant18710_1.c,1
variant18710_2.c,1
variant18710_3.c,1
variant18710_4.c,1
variant18710_5.c,1
variant18710_6.c,1
variant18779_2.c,29
variant18807.c,1
variant18807_1.c,1
variant18807_2.c,1
variant18807_3.c,1
variant18807_4.c,1
variant18807_5.c,1
variant18807_6.c,1
variant18807_7.c,1
variant18807_8.c,1
variant18838.c,1
variant18838_1.c,1
variant18838_2.c,1
variant18838_3.c,1
variant18838_4.c,1
variant18838_5.c,1
variant18838_6.c,1
variant18838_7.c,1
variant18838_8.c,30
variant18847.c,1
variant18847_1.c,1
variant18847_2.c,1
variant18847_3.c,1
variant18847_4.c,1
variant18847_5.c,1
variant18847_6.c,1
variant18847_7.c,1
variant18847_8.c,1
variant18959.c,1
variant18959_1.c,1
variant18959_2.c,1
variant18959_3.c,1
variant18959_4.c,1
variant18959_5.c,1
variant18959_6.c,1
variant18959_7.c,1
variant18959_8.c,1
variant19074.c,1
variant19104.c,1
variant19104_1.c,1
variant19104_2.c,1
variant19104_3.c,1
variant19104_4.c,7
variant19104_5.c,1
variant19104_6.c,1
variant19104_7.c,1
variant19104_8.c,1
variant19117.c,1
variant19117_1.c,1
variant19117_2.c,1
variant19117_3.c,1
variant19117_4.c,1
variant19117_5.c,1
variant19117_6.c,1
variant19117_7.c,1
variant19117_8.c,1
variant19158_3.c,1
variant19158_4.c,1
variant19158_6.c,1
variant19158_7.c,18
variant19290.c,1
variant19290_1.c,1
variant19290_2.c,1
variant19290_3.c,1
variant19290_4.c,1
variant19290_5.c,1
variant19290_6.c,1
variant19290_7.c,1
variant19290_8.c,1
variant19294.c,26
variant19387.c,1
variant19387_1.c,1
variant19387_2.c,1
variant19387_3.c,1
variant19387_4.c,1
variant19387_5.c,1
variant19387_6.c,1
variant19387_7.c,1
variant19387_8.c,1
variant19504.c,1
variant19504_1.c,1
variant19504_2.c,1
variant19504_3.c,1
variant19504_4.c,1
variant19504_5.c,1
variant19504_6.c,1
variant19504_7.c,1
variant19504_8.c,1
variant19520.c,1
variant19520_1.c,1
variant19520_2.c,1
variant19520_3.c,1
variant19520_4.c,1
variant19520_5.c,1
variant19520_6.c,1
variant19520_7.c,1
variant19520_8.c,1
variant19522.c,1
variant19522_1.c,1
variant19522_2.c,1
variant19522_3.c,1
variant19522_4.c,1
variant19522_5.c,1
variant19522_6.c,1
variant19522_7.c,1
variant19522_8.c,1
variant19591.c,1
variant19591_1.c,1
variant19591_2.c,1
variant19591_3.c,1
variant19591_4.c,1
variant19591_5.c,1
variant19591_6.c,1
variant19591_7.c,1
variant19591_8.c,1
variant19606.c,1
variant19606_1.c,1
variant19606_2.c,1
variant19606_3.c,30
variant19606_4.c,1
variant19606_5.c,1
variant19606_6.c,1
variant19606_7.c,1
variant19606_8.c,1
variant19699.c,1
variant19699_1.c,1
variant19699_2.c,1
variant19699_3.c,1
variant19699_4.c,1
variant19699_5.c,1
variant19699_6.c,1
variant19699_7.c,1
variant19699_8.c,1
variant19733.c,1
variant19733_1.c,1
variant19733_2.c,1
variant19733_3.c,1
variant19733_4.c,1
variant19733_5.c,1
variant19733_6.c,1
variant19733_7.c,1
variant19733_8.c,1
variant19750_6.c,21
variant19750_8.c,21
variant19928.c,1
variant19928_1.c,1
variant19928_2.c,1
variant19928_3.c,1
variant19928_4.c,1
variant19928_5.c,1
variant19928_6.c,1
variant19928_7.c,1
variant19928_8.c,1
variant1997_1.c,1
variant1997_2.c,1
variant1997_3.c,1
variant1997_4.c,1
variant1997_5.c,1
variant1997_6.c,1
variant1997_7.c,1
variant1997_8.c,1
variant20032.c,1
variant20032_1.c,1
variant20032_2.c,1
variant20032_3.c,1
variant20032_4.c,1
variant20032_5.c,1
variant20032_6.c,1
variant20032_7.c,1
variant20032_8.c,1
variant20054.c,1
variant20054_1.c,1
variant20054_2.c,1
variant20054_3.c,1
variant20054_4.c,1
variant20054_5.c,1
variant20054_6.c,1
variant20054_7.c,1
variant20054_8.c,1
variant20061.c,12
variant20061_1.c,12
variant20061_2.c,12
variant20061_3.c,12
variant20061_4.c,12
variant20061_5.c,12
variant20061_6.c,12
variant20061_7.c,12
variant20061_8.c,12
variant20174_1.c,1
variant20292.c,1
variant20292_1.c,1
variant20292_2.c,1
variant20292_3.c,1
variant20292_4.c,1
variant20292_5.c,1
variant20292_6.c,1
variant20292_7.c,1
variant20292_8.c,1
variant20303.c,1
variant20303_1.c,1
variant20303_2.c,1
variant20303_3.c,7
variant20303_4.c,1
variant20303_5.c,1
variant20303_6.c,1
variant20303_7.c,1
variant20303_8.c,1
variant20341.c,30
variant20341_1.c,1
variant20341_2.c,1
variant20341_3.c,1
variant20341_4.c,1
variant20341_5.c,1
variant20341_6.c,1
variant20341_7.c,1
variant20341_8.c,1
variant2036.c,1
variant2036_1.c,1
variant2036_2.c,1
variant2036_3.c,1
variant2036_4.c,1
variant2036_5.c,1
variant2036_6.c,1
variant2036_7.c,1
variant2036_8.c,1
variant20406.c,1
variant20406_1.c,1
variant20406_2.c,1
variant20406_3.c,1
variant20406_4.c,1
variant20406_5.c,1
variant20406_6.c,1
variant20406_7.c,1
variant20406_8.c,1
variant20425_1.c,18
variant20425_2.c,18
variant20425_5.c,18
variant20425_6.c,18
variant20425_7.c,18
variant20425_8.c,18
variant20461.c,14
variant20461_1.c,14
variant20461_2.c,14
variant20461_3.c,14
variant20461_4.c,14
variant20461_5.c,14
variant20461_6.c,14
variant20461_7.c,14
variant20461_8.c,14
variant20477.c,1
variant20477_1.c,1
variant20477_2.c,1
variant20477_3.c,1
variant20477_4.c,1
variant20477_5.c,1
variant20477_6.c,1
variant20477_7.c,1
variant20477_8.c,1
variant20511.c,1
variant20511_1.c,1
variant20511_2.c,1
variant20511_3.c,1
variant20511_4.c,1
variant20511_5.c,1
variant20511_6.c,1
variant20511_7.c,1
variant20511_8.c,1
variant20557.c,1
variant20557_1.c,1
variant20557_2.c,1
variant20557_3.c,1
variant20557_4.c,1
variant20557_5.c,1
variant20557_6.c,1
variant20557_8.c,1
variant20631.c,1
variant20631_2.c,1
variant20631_3.c,1
variant20631_4.c,1
variant20631_5.c,1
variant20631_6.c,1
variant20790.c,30
variant20790_1.c,1
variant20790_2.c,1
variant20790_3.c,1
variant20790_4.c,1
variant20790_5.c,1
variant20790_6.c,1
variant20790_7.c,1
variant20790_8.c,1
variant20808.c,1
variant20808_1.c,1
variant20808_2.c,1
variant20808_3.c,1
variant20808_4.c,1
variant20808_5.c,1
variant20808_6.c,1
variant20808_7.c,1
variant20808_8.c,1
variant20853.c,1
variant20853_1.c,1
variant20853_2.c,1
variant20853_3.c,1
variant20853_4.c,1
variant20853_5.c,1
variant20853_6.c,1
variant20853_7.c,1
variant20853_8.c,1
variant20918.c,1
variant20918_1.c,7
variant20918_2.c,1
variant20918_3.c,1
variant20918_4.c,1
variant20918_5.c,1
variant20918_6.c,1
variant20918_7.c,1
variant20918_8.c,1
variant2098_2.c,26
variant21035.c,1
variant21035_1.c,1
variant21035_2.c,1
variant21035_4.c,1
variant21234.c,1
variant21234_1.c,1
variant21234_2.c,1
variant21234_3.c,1
variant21234_4.c,1
variant21234_5.c,1
variant21234_6.c,1
variant21234_7.c,1
variant21234_8.c,1
variant21298.c,1
variant21298_1.c,1
variant21298_2.c,1
variant21298_3.c,1
variant21298_4.c,1
variant21298_5.c,1
variant21298_6.c,1
variant21298_7.c,1
variant21298_8.c,30
variant21328_1.c,1
variant21328_2.c,1
variant21328_5.c,17
variant21328_6.c,17
variant21328_7.c,17
variant21440.c,1
variant21440_1.c,1
variant21440_2.c,1
variant21440_3.c,1
variant21440_4.c,1
variant21440_5.c,1
variant21440_6.c,1
variant21440_7.c,1
variant21440_8.c,1
variant21488.c,1
variant21488_2.c,1
variant21488_3.c,1
variant21488_4.c,1
variant21488_5.c,1
variant21488_6.c,1
variant21488_7.c,1
variant2151_1.c,1
variant2151_2.c,1
variant2151_3.c,1
variant2151_4.c,1
variant2151_5.c,1
variant2151_7.c,1
variant2151_8.c,1
variant21553.c,1
variant21553_1.c,1
variant21553_2.c,1
variant21553_3.c,1
variant21553_4.c,1
variant21553_5.c,1
variant21553_6.c,1
variant21553_7.c,1
variant21553_8.c,1
variant21578.c,1
variant21578_1.c,1
variant21578_2.c,1
variant21578_3.c,1
variant21578_4.c,1
variant21578_5.c,1
variant21578_8.c,1
variant21652.c,1
variant21652_1.c,1
variant21652_2.c,1
variant21652_3.c,1
variant21652_4.c,1
variant21652_5.c,1
variant21652_6.c,1
variant21652_7.c,1
variant21652_8.c,1
variant2176_4.c,30
variant21769.c,1
variant21769_1.c,1
variant21769_3.c,1
variant21769_6.c,1
variant21769_7.c,1
variant21769_8.c,1
variant21799.c,1
variant21799_1.c,1
variant21799_2.c,1
variant21799_3.c,1
variant21799_4.c,1
variant21799_5.c,1
variant21799_6.c,1
variant21799_7.c,1
variant21799_8.c,1
variant21837_2.c,17
variant21837_3.c,17
variant21837_4.c,17
variant21837_6.c,17
variant21837_7.c,17
variant21939.c,1
variant21939_1.c,1
variant21939_2.c,1
variant21939_3.c,1
variant21939_4.c,1
variant21939_5.c,1
variant21939_6.c,1
variant21939_7.c,1
variant21939_8.c,1
variant21979.c,30
variant21979_1.c,30
variant21979_2.c,17
variant21979_3.c,30
variant21979_4.c,17
variant21979_5.c,30
variant21979_6.c,30
variant21979_7.c,30
variant21979_8.c,17
variant2198.c,1
variant2198_1.c,1
variant2198_2.c,1
variant2198_3.c,1
variant2198_4.c,1
variant2198_5.c,1
variant2198_6.c,1
variant2198_7.c,1
variant2198_8.c,1
variant22186.c,1
variant22186_1.c,30
variant22186_2.c,1
variant22186_3.c,1
variant22186_4.c,1
variant22186_5.c,1
variant22186_6.c,1
variant22186_7.c,1
variant22186_8.c,1
variant22193.c,1
variant22193_2.c,1
variant22193_5.c,1
variant22193_6.c,1
variant22193_7.c,1
variant22338.c,1
variant22338_1.c,1
variant22338_2.c,1
variant22338_5.c,1
variant22338_8.c,1
variant22407_1.c,1
variant22407_2.c,1
variant22407_4.c,7
variant22444.c,1
variant22444_1.c,1
variant22444_2.c,1
variant22444_3.c,1
variant22444_4.c,1
variant22444_5.c,1
variant22444_6.c,1
variant22444_7.c,1
variant22444_8.c,1
variant22541.c,1
variant22541_1.c,1
variant22541_2.c,1
variant22541_3.c,1
variant22541_4.c,1
variant22541_5.c,1
variant22541_6.c,1
variant22541_7.c,1
variant22541_8.c,1
variant22560.c,1
variant22560_1.c,1
variant22560_2.c,1
variant22560_3.c,1
variant22560_4.c,1
variant22560_5.c,1
variant22560_6.c,1
variant22560_7.c,7
variant22560_8.c,1
variant22663.c,1
variant22663_1.c,1
variant22663_2.c,1
variant22663_3.c,1
variant22663_4.c,1
variant22663_5.c,1
variant22663_6.c,1
variant22663_7.c,1
variant22663_8.c,1
variant22705_2.c,30
variant22705_5.c,30
variant22705_7.c,30
variant22705_8.c,30
variant22780.c,1
variant22780_1.c,1
variant22780_2.c,1
variant22780_3.c,1
variant22780_4.c,1
variant22780_5.c,1
variant22780_6.c,1
variant22780_7.c,1
variant22780_8.c,1
variant2279.c,1
variant2279_1.c,1
variant2279_2.c,1
variant2279_3.c,1
variant2279_4.c,1
variant2279_5.c,7
variant2279_6.c,1
variant2279_7.c,1
variant2279_8.c,1
variant22794.c,1
variant22794_1.c,1
variant22794_2.c,1
variant22794_3.c,1
variant22794_4.c,1
variant22794_5.c,1
variant22794_6.c,1
variant22794_7.c,1
variant22794_8.c,1
variant22857.c,1
variant22857_1.c,1
variant22857_2.c,1
variant22857_3.c,1
variant22857_4.c,1
variant22857_5.c,1
variant22857_6.c,1
variant22857_7.c,1
variant22857_8.c,1
variant22924.c,1
variant22924_1.c,1
variant22924_2.c,1
variant22924_3.c,1
variant22924_4.c,1
variant22924_5.c,1
variant22924_6.c,7
variant22924_7.c,1
variant22924_8.c,1
variant23095.c,1
variant23095_1.c,1
variant23095_2.c,1
variant23095_3.c,1
variant23095_4.c,1
variant23095_5.c,1
variant23095_6.c,1
variant23095_7.c,1
variant23095_8.c,1
variant23119.c,1
variant23119_1.c,1
variant23119_2.c,1
variant23119_3.c,1
variant23119_4.c,1
variant23119_5.c,1
variant23119_6.c,1
variant23119_7.c,1
variant23119_8.c,1
variant23147.c,1
variant23147_1.c,1
variant23147_2.c,30
variant23147_3.c,1
variant23147_4.c,1
variant23147_5.c,1
variant23147_6.c,1
variant23147_7.c,1
variant23147_8.c,1
variant23152.c,1
variant23152_1.c,1
variant23152_2.c,1
variant23152_3.c,1
variant23152_4.c,1
variant23152_5.c,1
variant23152_6.c,1
variant23152_7.c,1
variant23152_8.c,1
variant23184_1.c,30
variant23184_2.c,30
variant23184_3.c,30
variant23184_4.c,30
variant23184_7.c,30
variant23272.c,1
variant23272_1.c,1
variant23272_2.c,1
variant23272_3.c,1
variant23272_4.c,1
variant23272_5.c,1
variant23272_6.c,1
variant23272_7.c,1
variant23272_8.c,1
variant23291.c,1
variant23291_1.c,1
variant23291_2.c,1
variant23291_3.c,1
variant23291_4.c,1
variant23291_5.c,1
variant23291_6.c,1
variant23291_7.c,1
variant23291_8.c,1
variant23400_1.c,1
variant23400_2.c,1
variant23400_3.c,1
variant23400_4.c,1
variant23400_5.c,1
variant23400_6.c,1
variant23400_7.c,1
variant23400_8.c,1
variant23477_2.c,25
variant23503.c,1
variant23503_1.c,1
variant23503_2.c,1
variant23503_3.c,1
variant23503_4.c,1
variant23503_5.c,1
variant23503_6.c,1
variant23503_7.c,1
variant23503_8.c,1
variant23542.c,1
variant23542_1.c,1
variant23542_2.c,1
variant23542_3.c,1
variant23542_4.c,1
variant23542_5.c,1
variant23542_6.c,1
variant23542_7.c,1
variant23542_8.c,7
variant23663.c,1
variant23663_1.c,1
variant23663_2.c,1
variant23663_3.c,1
variant23663_4.c,1
variant23663_5.c,1
variant23663_6.c,1
variant23663_7.c,1
variant23663_8.c,1
variant23684.c,1
variant23684_1.c,1
variant23684_2.c,1
variant23684_3.c,1
variant23684_4.c,1
variant23684_5.c,1
variant23684_6.c,1
variant23684_7.c,1
variant23684_8.c,1
variant23705.c,1
variant23705_1.c,30
variant23705_2.c,1
variant23705_3.c,1
variant23705_4.c,1
variant23705_5.c,1
variant23705_6.c,1
variant23705_7.c,1
variant23705_8.c,1
variant2373.c,14
variant2373_1.c,14
variant2373_2.c,14
variant2373_3.c,14
variant2373_4.c,14
variant2373_5.c,14
variant2373_6.c,14
variant2373_7.c,14
variant2373_8.c,14
variant23892.c,1
variant23892_1.c,1
variant23892_2.c,1
variant23892_3.c,1
variant23892_4.c,1
variant23892_5.c,1
variant23892_6.c,1
variant23892_7.c,1
variant23892_8.c,1
variant23895.c,1
variant23895_1.c,1
variant23895_2.c,1
variant23895_3.c,1
variant23895_4.c,1
variant23895_5.c,1
variant23895_6.c,1
variant23895_7.c,1
variant23895_8.c,1
variant23972_1.c,18
variant23972_2.c,18
variant23972_4.c,18
variant23972_5.c,18
variant23972_8.c,18
variant24003.c,1
variant24003_1.c,1
variant24003_2.c,1
variant24003_3.c,1
variant24003_4.c,1
variant24003_5.c,1
variant24003_6.c,1
variant24003_7.c,1
variant24003_8.c,1
variant24006.c,1
variant24006_1.c,1
variant24006_2.c,1
variant24006_3.c,1
variant24006_4.c,1
variant24006_5.c,1
variant24006_6.c,1
variant24006_7.c,1
variant24006_8.c,1
variant24030.c,1
variant24030_1.c,1
variant24030_2.c,1
variant24030_3.c,1
variant24030_4.c,1
variant24030_5.c,1
variant24030_6.c,1
variant24030_7.c,1
variant24030_8.c,1
variant24040.c,7
variant24040_1.c,1
variant24040_2.c,1
variant24040_3.c,1
variant24040_4.c,1
variant24040_5.c,1
variant24040_6.c,1
variant24040_7.c,1
variant24040_8.c,1
variant2405.c,1
variant2405_1.c,1
variant2405_2.c,1
variant2405_3.c,1
variant2405_4.c,1
variant2405_5.c,1
variant2405_6.c,1
variant2405_7.c,1
variant2405_8.c,1
variant24224_3.c,1
variant24224_7.c,1
variant24238_2.c,1
variant24238_3.c,1
variant24238_4.c,1
variant24238_5.c,1
variant24238_7.c,1
variant24352.c,30
variant24352_1.c,1
variant24352_2.c,30
variant24352_3.c,1
variant24352_4.c,1
variant24352_5.c,1
variant24352_6.c,1
variant24352_7.c,1
variant24352_8.c,1
variant24370_5.c,30
variant24376.c,1
variant24376_1.c,1
variant24376_2.c,1
variant24376_3.c,1
variant24376_4.c,1
variant24376_5.c,1
variant24376_6.c,1
variant24376_7.c,1
variant24376_8.c,1
variant24405.c,1
variant24405_1.c,7
variant24405_2.c,1
variant24405_3.c,7
variant24405_4.c,1
variant24405_5.c,1
variant24405_6.c,1
variant24405_7.c,1
variant24405_8.c,1
variant24429.c,1
variant24429_1.c,1
variant24429_2.c,1
variant24429_3.c,1
variant24429_4.c,1
variant24429_5.c,1
variant24429_6.c,1
variant24429_7.c,1
variant24429_8.c,1
variant24452.c,1
variant24452_1.c,1
variant24452_2.c,1
variant24452_3.c,1
variant24452_4.c,1
variant24452_5.c,1
variant24452_6.c,1
variant24452_7.c,1
variant24452_8.c,1
variant24453.c,1
variant24453_1.c,1
variant24453_2.c,1
variant24453_3.c,1
variant24453_4.c,1
variant24453_5.c,1
variant24453_6.c,1
variant24453_7.c,1
variant24453_8.c,1
variant24486_2.c,1
variant24486_6.c,1
variant24557.c,1
variant24557_1.c,1
variant24557_2.c,1
variant24557_3.c,1
variant24557_4.c,1
variant24557_5.c,1
variant24557_6.c,1
variant24557_7.c,1
variant24557_8.c,1
variant24621.c,1
variant24621_1.c,1
variant24621_2.c,1
variant24621_3.c,1
variant24621_4.c,1
variant24621_5.c,1
variant24621_6.c,1
variant24621_7.c,1
variant24621_8.c,1
variant247.c,30
variant247_4.c,32
variant24721.c,25
variant24721_1.c,25
variant24721_2.c,25
variant24721_3.c,25
variant24721_4.c,25
variant24721_5.c,25
variant24721_6.c,25
variant24721_7.c,25
variant24721_8.c,25
variant24767_1.c,18
variant24767_5.c,18
variant24839_6.c,26
variant24839_7.c,26
variant25001_1.c,1
variant25001_3.c,1
variant25001_4.c,1
variant25001_5.c,7
variant25001_6.c,1
variant25001_7.c,7
variant25082.c,1
variant25082_1.c,1
variant25082_2.c,1
variant25082_3.c,1
variant25082_4.c,1
variant25082_5.c,1
variant25082_6.c,1
variant25082_7.c,1
variant25082_8.c,1
variant25099.c,1
variant25099_1.c,1
variant25099_2.c,1
variant25099_3.c,1
variant25099_4.c,1
variant25099_5.c,1
variant25099_6.c,1
variant25099_7.c,1
variant25099_8.c,1
variant25103_2.c,1
variant25103_3.c,1
variant25103_5.c,1
variant25103_7.c,1
variant25103_8.c,1
variant25124.c,1
variant25124_1.c,7
variant25124_2.c,1
variant25124_3.c,1
variant25124_4.c,1
variant25124_5.c,1
variant25124_6.c,1
variant25124_7.c,7
variant25124_8.c,1
variant25141.c,1
variant2521.c,1
variant2521_1.c,1
variant2521_2.c,1
variant2521_3.c,1
variant2521_4.c,1
variant2521_5.c,1
variant2521_6.c,1
variant2521_7.c,1
variant2521_8.c,1
variant25218.c,1
variant25218_1.c,1
variant25218_2.c,1
variant25218_3.c,1
variant25218_4.c,1
variant25218_5.c,1
variant25218_6.c,1
variant25218_7.c,1
variant25218_8.c,1
variant25220.c,1
variant25220_1.c,1
variant25220_2.c,1
variant25220_3.c,1
variant25220_4.c,1
variant25220_5.c,1
variant25220_7.c,1
variant25220_8.c,1
variant25281.c,1
variant25281_1.c,1
variant25281_2.c,1
variant25281_3.c,1
variant25281_4.c,1
variant25281_5.c,1
variant25281_6.c,1
variant25281_7.c,1
variant25281_8.c,1
variant25307.c,1
variant25307_2.c,1
variant25307_4.c,1
variant25307_6.c,1
variant25570_1.c,1
variant25570_2.c,1
variant25570_3.c,1
variant25570_5.c,1
variant25570_6.c,1
variant25570_7.c,1
variant25625_5.c,17
variant25625_7.c,17
variant25625_8.c,17
variant25672.c,1
variant25672_1.c,1
variant25672_2.c,1
variant25672_3.c,1
variant25672_4.c,1
variant25672_5.c,1
variant25672_6.c,1
variant25672_7.c,1
variant25672_8.c,1
variant25733.c,19
variant25827.c,1
variant25827_1.c,1
variant25827_2.c,1
variant25827_3.c,1
variant25827_4.c,1
variant25827_5.c,1
variant25827_6.c,1
variant25827_7.c,1
variant25827_8.c,1
variant25904.c,1
variant25904_1.c,1
variant25904_2.c,1
variant25904_3.c,1
variant25904_4.c,1
variant25904_5.c,1
variant25904_6.c,1
variant25904_7.c,1
variant25904_8.c,30
variant25965.c,1
variant25965_1.c,1
variant25965_2.c,1
variant25965_3.c,1
variant25965_4.c,1
variant25965_5.c,1
variant25965_6.c,1
variant25965_7.c,1
variant25965_8.c,1
variant25974.c,1
variant25974_3.c,1
variant25974_5.c,1
variant25974_7.c,1
variant25974_8.c,1
variant26065.c,1
variant26065_1.c,1
variant26065_2.c,1
variant26065_3.c,1
variant26065_4.c,1
variant26065_5.c,1
variant26065_6.c,7
variant26065_7.c,1
variant26065_8.c,1
variant26100.c,1
variant26100_1.c,1
variant26100_4.c,1
variant26100_5.c,1
variant26100_6.c,1
variant26100_7.c,1
variant26252_1.c,35
variant26258_1.c,17
variant26258_2.c,17
variant26258_4.c,17
variant26258_5.c,17
variant26258_6.c,17
variant26258_7.c,17
variant26316.c,1
variant26316_1.c,1
variant26316_2.c,1
variant26316_3.c,1
variant26316_4.c,1
variant26316_5.c,1
variant26316_6.c,1
variant26316_7.c,1
variant26316_8.c,1
variant26322.c,1
variant26322_1.c,1
variant26322_2.c,1
variant26322_5.c,1
variant26322_6.c,1
variant26322_7.c,1
variant26322_8.c,1
variant26370.c,1
variant26370_1.c,1
variant26370_2.c,1
variant26370_3.c,1
variant26370_4.c,1
variant26370_5.c,1
variant26370_6.c,1
variant26370_7.c,1
variant26370_8.c,1
variant26434.c,1
variant26434_1.c,1
variant26434_2.c,1
variant26434_3.c,1
variant26434_4.c,1
variant26434_5.c,1
variant26434_6.c,1
variant26434_7.c,1
variant26434_8.c,1
variant26468.c,1
variant26468_1.c,1
variant26468_2.c,1
variant26468_3.c,1
variant26468_4.c,1
variant26468_5.c,1
variant26468_6.c,1
variant26468_7.c,1
variant26468_8.c,1
variant2653_2.c,27
variant2653_7.c,23
variant26585.c,1
variant26585_1.c,1
variant26585_2.c,1
variant26585_3.c,1
variant26585_4.c,1
variant26585_5.c,1
variant26585_6.c,1
variant26585_7.c,1
variant26585_8.c,1
variant26632.c,1
variant26632_1.c,1
variant26632_2.c,1
variant26632_3.c,30
variant26632_4.c,1
variant26632_5.c,1
variant26632_6.c,1
variant26632_7.c,1
variant26632_8.c,1
variant26649_1.c,19
variant26649_4.c,19
variant26649_5.c,19
variant26649_7.c,19
variant26674_1.c,1
variant26674_2.c,1
variant26674_3.c,1
variant26674_4.c,1
variant26674_5.c,1
variant26674_6.c,1
variant26674_7.c,1
variant26674_8.c,1
variant26705.c,1
variant26705_1.c,1
variant26705_2.c,1
variant26705_3.c,1
variant26705_4.c,1
variant26705_5.c,1
variant26705_6.c,1
variant26705_7.c,1
variant26705_8.c,1
variant26820.c,1
variant26820_1.c,1
variant26820_2.c,1
variant26820_3.c,1
variant26820_4.c,1
variant26820_5.c,1
variant26820_6.c,1
variant26820_7.c,1
variant26820_8.c,1
variant26826.c,1
variant26826_1.c,1
variant26826_2.c,1
variant26826_3.c,1
variant26826_4.c,1
variant26826_5.c,1
variant26826_6.c,1
variant26826_7.c,1
variant26826_8.c,1
variant26847.c,1
variant26847_1.c,1
variant26847_2.c,1
variant26847_3.c,1
variant26847_4.c,1
variant26847_5.c,1
variant26847_6.c,1
variant26847_7.c,1
variant26847_8.c,1
variant26854_8.c,19
variant26962.c,1
variant26962_1.c,1
variant26962_2.c,1
variant26962_3.c,1
variant26962_4.c,1
variant26962_5.c,1
variant26962_6.c,1
variant26962_7.c,1
variant26962_8.c,30
variant26989.c,1
variant26989_1.c,1
variant26989_2.c,1
variant26989_3.c,1
variant26989_4.c,1
variant26989_5.c,1
variant26989_6.c,1
variant26989_7.c,1
variant26989_8.c,1
variant26994_5.c,1
variant27055.c,1
variant27055_1.c,1
variant27055_2.c,1
variant27055_3.c,1
variant27055_4.c,1
variant27055_5.c,1
variant27055_6.c,1
variant27055_7.c,1
variant27055_8.c,1
variant27088.c,1
variant27088_1.c,1
variant27088_2.c,1
variant27088_3.c,1
variant27088_4.c,1
variant27088_5.c,7
variant27088_6.c,1
variant27088_7.c,1
variant27088_8.c,1
variant27162.c,1
variant27162_1.c,1
variant27162_2.c,1
variant27162_3.c,1
variant27162_4.c,1
variant27162_5.c,1
variant27162_6.c,1
variant27162_7.c,1
variant27162_8.c,1
variant27187_2.c,1
variant27187_3.c,1
variant27187_7.c,1
variant27187_8.c,1
variant27221.c,1
variant27221_1.c,1
variant27221_2.c,1
variant27221_3.c,1
variant27221_4.c,1
variant27221_5.c,1
variant27221_6.c,1
variant27221_7.c,1
variant27221_8.c,1
variant27308_1.c,19
variant27308_4.c,19
variant27308_5.c,1
variant27308_6.c,7
variant27308_8.c,19
variant27450.c,1
variant27450_1.c,1
variant27450_2.c,1
variant27450_3.c,1
variant27450_4.c,1
variant27450_5.c,1
variant27450_6.c,1
variant27450_7.c,1
variant27450_8.c,1
variant27481_4.c,25
variant27481_8.c,25
variant27652.c,1
variant27652_1.c,1
variant27652_2.c,1
variant27652_3.c,1
variant27652_4.c,1
variant27652_5.c,1
variant27652_6.c,1
variant27652_7.c,1
variant27652_8.c,1
variant2768.c,1
variant2768_1.c,1
variant2768_2.c,1
variant2768_3.c,1
variant2768_4.c,1
variant2768_5.c,30
variant2768_6.c,1
variant2768_7.c,1
variant2768_8.c,1
variant27705.c,1
variant27705_1.c,1
variant27705_2.c,1
variant27705_3.c,1
variant27705_4.c,1
variant27705_5.c,1
variant27705_6.c,1
variant27705_7.c,1
variant27705_8.c,1
variant27715_1.c,25
variant27715_2.c,25
variant27715_3.c,25
variant27715_5.c,25
variant27715_6.c,25
variant27715_8.c,25
variant27767.c,1
variant27767_1.c,1
variant27767_2.c,1
variant27767_3.c,1
variant27767_4.c,1
variant27767_5.c,1
variant27767_6.c,1
variant27767_7.c,1
variant27767_8.c,1
variant27842.c,1
variant27842_1.c,7
variant27842_2.c,1
variant27842_3.c,1
variant27842_4.c,1
variant27842_5.c,1
variant27842_6.c,7
variant27842_7.c,1
variant27842_8.c,1
variant27890.c,1
variant27890_1.c,1
variant27890_2.c,1
variant27890_3.c,1
variant27890_4.c,1
variant27890_5.c,1
variant27890_6.c,1
variant27890_7.c,1
variant27890_8.c,1
variant27915.c,1
variant27915_1.c,1
variant27915_2.c,1
variant27915_3.c,1
variant27915_4.c,1
variant27915_5.c,1
variant27915_6.c,1
variant27915_7.c,1
variant27915_8.c,1
variant27983.c,1
variant28034.c,1
variant28034_1.c,1
variant28034_2.c,1
variant28034_3.c,1
variant28034_4.c,1
variant28034_5.c,1
variant28034_6.c,1
variant28034_7.c,1
variant28034_8.c,1
variant28072.c,1
variant28072_1.c,1
variant28072_2.c,1
variant28072_3.c,1
variant28072_4.c,1
variant28072_5.c,1
variant28072_6.c,1
variant28072_7.c,1
variant28072_8.c,1
variant28195.c,1
variant28195_1.c,1
variant28195_2.c,1
variant28195_3.c,1
variant28195_4.c,1
variant28195_5.c,1
variant28195_6.c,1
variant28195_7.c,1
variant28195_8.c,1
variant28240.c,1
variant28240_1.c,1
variant28240_2.c,1
variant28240_3.c,1
variant28240_4.c,1
variant28240_5.c,1
variant28240_6.c,1
variant28240_7.c,1
variant28240_8.c,1
variant28291.c,1
variant28291_1.c,1
variant28291_2.c,1
variant28291_3.c,1
variant28291_4.c,1
variant28291_5.c,1
variant28291_6.c,1
variant28291_7.c,1
variant28291_8.c,1
variant28326.c,1
variant28326_1.c,1
variant28326_2.c,1
variant28326_3.c,1
variant28326_4.c,1
variant28326_5.c,1
variant28326_6.c,1
variant28326_7.c,1
variant28326_8.c,1
variant28368.c,1
variant28368_1.c,1
variant28368_2.c,1
variant28368_3.c,1
variant28368_4.c,1
variant28368_5.c,1
variant28368_6.c,1
variant28368_7.c,1
variant28368_8.c,1
variant28427.c,1
variant28427_1.c,1
variant28427_2.c,1
variant28427_3.c,1
variant28427_4.c,1
variant28427_5.c,1
variant28427_6.c,1
variant28427_7.c,1
variant28427_8.c,1
variant28429_1.c,29
variant28429_1.c,36
variant28429_3.c,4
variant28429_5.c,29
variant28429_6.c,29
variant28429_8.c,29
variant28431.c,1
variant28431_1.c,30
variant28431_2.c,1
variant28431_3.c,1
variant28431_4.c,1
variant28431_5.c,1
variant28431_6.c,1
variant28431_7.c,1
variant28431_8.c,1
variant28447.c,1
variant28447_1.c,1
variant28447_2.c,1
variant28447_3.c,1
variant28447_4.c,1
variant28447_5.c,1
variant28447_6.c,1
variant28447_7.c,1
variant28447_8.c,1
variant28537.c,1
variant28537_1.c,1
variant28537_2.c,30
variant28537_3.c,1
variant28537_4.c,1
variant28537_5.c,1
variant28537_6.c,1
variant28537_7.c,1
variant28537_8.c,1
variant28620_3.c,17
variant28620_4.c,1
variant28620_8.c,1
variant28734.c,1
variant28734_1.c,1
variant28734_2.c,1
variant28734_3.c,1
variant28734_4.c,1
variant28734_5.c,1
variant28734_6.c,1
variant28734_7.c,1
variant28734_8.c,1
variant28820.c,1
variant28820_1.c,1
variant28820_2.c,1
variant28820_3.c,1
variant28820_4.c,1
variant28820_5.c,1
variant28820_6.c,1
variant28820_7.c,1
variant28820_8.c,1
variant28889.c,1
variant28889_1.c,1
variant28889_2.c,7
variant28889_3.c,1
variant28889_4.c,1
variant28889_5.c,1
variant28889_6.c,1
variant28889_7.c,1
variant28889_8.c,1
variant28918.c,1
variant28918_1.c,1
variant28918_2.c,1
variant28918_3.c,1
variant28918_4.c,1
variant28918_5.c,1
variant28918_6.c,1
variant28918_7.c,1
variant28918_8.c,1
variant28944.c,1
variant28944_1.c,1
variant28944_2.c,1
variant28944_3.c,1
variant28944_4.c,1
variant28944_5.c,1
variant28944_6.c,1
variant28944_7.c,1
variant28944_8.c,1
variant2896.c,1
variant2896_1.c,1
variant2896_2.c,1
variant2896_3.c,1
variant2896_4.c,1
variant2896_5.c,1
variant2896_6.c,1
variant2896_7.c,1
variant2896_8.c,1
variant2903.c,1
variant2903_2.c,1
variant2903_3.c,1
variant2903_5.c,1
variant2903_7.c,1
variant2903_8.c,1
variant2904.c,28
variant2904_3.c,33
variant2904_5.c,33
variant2904_8.c,8
variant29042.c,1
variant29042_1.c,1
variant29042_2.c,1
variant29042_3.c,1
variant29042_4.c,1
variant29042_5.c,1
variant29042_6.c,1
variant29042_7.c,30
variant29042_8.c,1
variant291.c,1
variant291_1.c,1
variant291_2.c,1
variant291_3.c,1
variant291_4.c,1
variant291_5.c,1
variant291_6.c,1
variant291_7.c,1
variant291_8.c,1
variant29251.c,1
variant29251_1.c,1
variant29251_2.c,1
variant29251_3.c,1
variant29251_4.c,1
variant29251_5.c,1
variant29251_6.c,1
variant29251_7.c,1
variant29251_8.c,1
variant29266.c,1
variant29266_1.c,1
variant29266_2.c,1
variant29266_3.c,1
variant29266_4.c,1
variant29266_5.c,1
variant29266_6.c,1
variant29266_7.c,1
variant29266_8.c,1
variant29350.c,1
variant29350_1.c,1
variant29350_2.c,1
variant29350_3.c,1
variant29350_4.c,1
variant29350_5.c,1
variant29350_6.c,1
variant29350_7.c,1
variant29350_8.c,30
variant29357.c,1
variant29357_1.c,1
variant29357_2.c,1
variant29357_3.c,1
variant29357_4.c,1
variant29357_5.c,1
variant29357_6.c,1
variant29357_7.c,1
variant29357_8.c,1
variant29361.c,1
variant29361_1.c,1
variant29361_2.c,1
variant29361_3.c,1
variant29361_4.c,1
variant29361_5.c,1
variant29361_6.c,1
variant29361_7.c,1
variant29361_8.c,1
variant29485.c,1
variant29522.c,1
variant29522_1.c,1
variant29522_2.c,1
variant29522_3.c,1
variant29522_4.c,1
variant29522_5.c,1
variant29522_7.c,1
variant29522_8.c,1
variant2959.c,1
variant2959_1.c,1
variant2959_2.c,1
variant2959_3.c,1
variant2959_4.c,1
variant2959_5.c,1
variant2959_6.c,1
variant2959_7.c,1
variant2959_8.c,1
variant2960.c,1
variant2960_1.c,1
variant2960_2.c,1
variant2960_3.c,1
variant2960_4.c,1
variant2960_5.c,30
variant2960_6.c,1
variant2960_7.c,1
variant2960_8.c,1
variant29668.c,1
variant29668_1.c,1
variant29668_2.c,1
variant29668_3.c,1
variant29668_4.c,1
variant29668_5.c,1
variant29668_6.c,1
variant29668_7.c,1
variant29668_8.c,1
variant29706_5.c,18
variant29706_7.c,7
variant29778_1.c,11
variant29778_8.c,11
variant29822.c,1
variant29822_1.c,30
variant29822_2.c,30
variant29822_3.c,1
variant29822_4.c,1
variant29822_5.c,1
variant29822_6.c,1
variant29822_7.c,1
variant29822_8.c,1
variant29879.c,1
variant29879_1.c,1
variant29879_2.c,1
variant29879_3.c,1
variant29879_4.c,1
variant29879_5.c,1
variant29879_6.c,1
variant29879_7.c,1
variant29879_8.c,1
variant2990.c,1
variant2990_1.c,1
variant2990_2.c,1
variant2990_3.c,1
variant2990_4.c,1
variant2990_5.c,1
variant2990_6.c,1
variant2990_7.c,1
variant2990_8.c,1
variant29923.c,1
variant29923_1.c,1
variant29923_2.c,1
variant29923_3.c,1
variant29923_4.c,1
variant29923_5.c,1
variant29923_6.c,1
variant29923_7.c,1
variant29923_8.c,1
variant30006.c,1
variant30013.c,1
variant30041.c,1
variant30049.c,1
variant30075.c,29
variant30122.c,1
variant3039.c,1
variant3039_1.c,1
variant3039_2.c,1
variant3039_3.c,1
variant3039_4.c,1
variant3039_5.c,1
variant3039_6.c,1
variant3039_7.c,1
variant3039_8.c,1
variant30417.c,1
variant30423.c,1
variant30607.c,1
variant30625.c,1
variant30681.c,30
variant3069.c,14
variant3069_2.c,14
variant3069_3.c,14
variant3069_4.c,14
variant3069_5.c,33
variant3069_6.c,14
variant3069_8.c,14
variant30730.c,1
variant30780.c,30
variant30809.c,1
variant30869.c,1
variant30876.c,1
variant30940.c,1
variant31078.c,1
variant31184.c,1
variant3123.c,1
variant3123_1.c,1
variant3123_2.c,1
variant3123_3.c,1
variant3123_4.c,1
variant3123_5.c,30
variant3123_6.c,30
variant3123_7.c,1
variant3123_8.c,1
variant31232.c,1
variant31235.c,1
variant31320.c,1
variant31371.c,1
variant31475.c,1
variant31562.c,1
variant31616.c,30
variant3165.c,1
variant3165_1.c,1
variant3165_2.c,1
variant3165_3.c,1
variant3165_4.c,1
variant3165_5.c,1
variant3165_6.c,1
variant3165_7.c,1
variant3165_8.c,1
variant31691.c,1
variant31736.c,1
variant31989.c,1
variant3211.c,1
variant3211_1.c,1
variant3211_2.c,1
variant3211_3.c,1
variant3211_4.c,1
variant3211_5.c,1
variant3211_6.c,1
variant3211_7.c,1
variant3211_8.c,1
variant32135.c,1
variant32456.c,1
variant32560.c,1
variant3263.c,1
variant3263_1.c,1
variant3263_2.c,1
variant3263_3.c,1
variant3263_4.c,1
variant3263_5.c,1
variant3263_6.c,1
variant3263_7.c,1
variant3263_8.c,1
variant32639.c,1
variant32734.c,1
variant32873.c,25
variant32921.c,1
variant32985.c,1
variant33004.c,1
variant33071.c,1
variant33081.c,1
variant33134.c,1
variant33361.c,1
variant33420.c,1
variant3345.c,1
variant3345_1.c,1
variant3345_2.c,1
variant3345_3.c,1
variant3345_4.c,1
variant3345_5.c,1
variant3345_6.c,1
variant3345_7.c,1
variant3345_8.c,1
variant33476.c,5
variant335.c,1
variant335_1.c,1
variant335_2.c,1
variant335_3.c,1
variant335_4.c,1
variant335_5.c,1
variant335_6.c,1
variant335_7.c,1
variant335_8.c,1
variant33543.c,1
variant33676.c,1
variant33683.c,1
variant3375.c,1
variant3375_1.c,1
variant3375_2.c,1
variant3375_3.c,1
variant3375_4.c,1
variant3375_5.c,1
variant3375_6.c,1
variant3375_7.c,1
variant3375_8.c,1
variant33763.c,1
variant33913.c,1
variant33934.c,1
variant33979.c,1
variant34007.c,1
variant34021.c,1
variant3403.c,1
variant3403_1.c,1
variant3403_2.c,1
variant3403_3.c,1
variant3403_4.c,1
variant3403_5.c,1
variant3403_6.c,1
variant3403_7.c,1
variant3403_8.c,1
variant3412.c,1
variant3412_1.c,1
variant3412_2.c,1
variant3412_3.c,1
variant3412_4.c,1
variant3412_5.c,1
variant3412_6.c,1
variant3412_7.c,1
variant3412_8.c,1
variant34217.c,1
variant34246.c,1
variant34275.c,1
variant34355.c,1
variant34358.c,1
variant34507.c,1
variant34543.c,1
variant34612.c,1
variant34760.c,1
variant34807.c,1
variant34851.c,1
variant3490.c,1
variant3490_1.c,1
variant3490_2.c,1
variant3490_3.c,1
variant3490_4.c,1
variant3490_5.c,1
variant3490_6.c,1
variant3490_7.c,1
variant3490_8.c,1
variant35022.c,1
variant35052.c,1
variant35211.c,1
variant35270.c,1
variant35342.c,1
variant35354.c,1
variant35456.c,1
variant35545.c,1
variant35625.c,1
variant35658.c,1
variant35911.c,1
variant3598.c,30
variant3598_1.c,30
variant3598_2.c,19
variant3598_3.c,30
variant3598_4.c,22
variant3598_5.c,30
variant3598_6.c,19
variant3598_7.c,19
variant3598_8.c,19
variant3610.c,1
variant3610_1.c,1
variant3610_2.c,1
variant3610_3.c,1
variant3610_4.c,1
variant3610_5.c,1
variant3610_6.c,7
variant3610_7.c,1
variant3610_8.c,1
variant36123.c,1
variant36136.c,1
variant36190.c,1
variant36192.c,1
variant36321.c,30
variant36540.c,25
variant36553.c,1
variant36564.c,1
variant36718.c,1
variant36772.c,1
variant36781.c,1
variant36800.c,25
variant36835.c,1
variant36908.c,1
variant3692.c,30
variant3692_1.c,7
variant3692_2.c,1
variant3692_3.c,1
variant3692_4.c,1
variant3692_5.c,1
variant3692_6.c,1
variant3692_7.c,1
variant3692_8.c,1
variant37076.c,1
variant37385.c,1
variant37575.c,1
variant37609.c,1
variant37658.c,1
variant377.c,1
variant377_1.c,1
variant377_2.c,1
variant377_3.c,1
variant377_4.c,1
variant377_5.c,1
variant377_6.c,1
variant377_7.c,1
variant377_8.c,1
variant37729.c,1
variant37908.c,1
variant38139.c,25
variant38165.c,1
variant38294.c,1
variant38326.c,1
variant38437.c,25
variant38568.c,1
variant38597.c,1
variant38676.c,1
variant38725.c,1
variant38794.c,1
variant3885.c,1
variant3885_1.c,1
variant3885_2.c,1
variant3885_3.c,1
variant3885_4.c,1
variant3885_5.c,1
variant3885_6.c,1
variant3885_7.c,1
variant3885_8.c,1
variant38877.c,1
variant38897.c,29
variant38914.c,1
variant38987.c,1
variant39009.c,1
variant39065.c,1
variant39067.c,1
variant39159.c,1
variant39221.c,1
variant39227.c,1
variant39297.c,1
variant39300.c,1
variant39384.c,1
variant39425.c,1
variant39513.c,1
variant39519.c,1
variant39540.c,1
variant39552.c,1
variant39729.c,1
variant39730.c,1
variant3975.c,25
variant3975_1.c,1
variant3975_2.c,25
variant3975_3.c,1
variant3975_4.c,1
variant3975_5.c,1
variant3975_6.c,25
variant3975_7.c,25
variant3975_8.c,1
variant39761.c,1
variant39778.c,1
variant39803.c,1
variant39930.c,1
variant39968.c,1
variant39991.c,25
variant40005.c,29
variant40009.c,1
variant40104.c,1
variant40502.c,1
variant40505.c,1
variant40604.c,1
variant40615.c,1
variant40626.c,1
variant40730.c,1
variant40769.c,1
variant4081.c,1
variant4081_5.c,1
variant4081_7.c,1
variant4081_8.c,1
variant41023.c,29
variant41054.c,1
variant41056.c,1
variant41065.c,1
variant41157.c,1
variant41232.c,1
variant41235.c,1
variant41252.c,1
variant41265.c,1
variant41327.c,1
variant41450.c,1
variant41464.c,1
variant41500.c,1
variant41544.c,1
variant41546.c,1
variant41557.c,1
variant41569.c,1
variant41742.c,1
variant41819.c,1
variant41865.c,1
variant4188.c,1
variant4188_1.c,1
variant4188_2.c,1
variant4188_3.c,1
variant4188_4.c,1
variant4188_5.c,1
variant4188_6.c,1
variant4188_7.c,1
variant4188_8.c,1
variant41893.c,1
variant4191.c,1
variant4191_1.c,1
variant4191_2.c,1
variant4191_3.c,1
variant4191_4.c,1
variant4191_5.c,1
variant4191_6.c,1
variant4191_7.c,1
variant4191_8.c,1
variant41959.c,30
variant42038.c,1
variant4213.c,1
variant4213_1.c,1
variant4213_2.c,1
variant4213_3.c,1
variant4213_4.c,1
variant4213_5.c,1
variant4213_6.c,1
variant4213_7.c,1
variant4213_8.c,1
variant42140.c,1
variant42174.c,1
variant42291.c,1
variant42315.c,1
variant42322.c,1
variant4237.c,1
variant4237_1.c,1
variant4237_2.c,1
variant4237_3.c,1
variant4237_4.c,1
variant4237_5.c,1
variant4237_6.c,1
variant4237_7.c,1
variant4237_8.c,1
variant42377.c,1
variant42414.c,1
variant42421.c,1
variant42712.c,1
variant42862.c,1
variant42950.c,1
variant43051.c,1
variant43083.c,1
variant43149.c,1
variant43159.c,1
variant43202.c,1
variant4329.c,1
variant4329_1.c,1
variant4329_2.c,1
variant4329_3.c,1
variant4329_4.c,1
variant4329_5.c,1
variant4329_6.c,1
variant4329_7.c,1
variant4329_8.c,1
variant43293.c,21
variant43367.c,1
variant43402.c,1
variant4352.c,1
variant4352_1.c,1
variant4352_2.c,1
variant4352_3.c,1
variant4352_4.c,1
variant4352_5.c,1
variant4352_6.c,1
variant4352_7.c,1
variant4352_8.c,1
variant4357.c,1
variant4357_1.c,1
variant4357_2.c,1
variant4357_3.c,1
variant4357_4.c,1
variant4357_5.c,1
variant4357_6.c,1
variant4357_7.c,1
variant4357_8.c,1
variant43586.c,1
variant43780.c,1
variant43861.c,1
variant4402.c,1
variant4402_1.c,1
variant4402_2.c,1
variant4402_3.c,1
variant4402_4.c,1
variant4402_5.c,1
variant4402_6.c,1
variant4402_7.c,1
variant4402_8.c,1
variant44131.c,1
variant44172.c,1
variant44177.c,1
variant44223.c,1
variant44239.c,1
variant44322.c,1
variant44478.c,1
variant44559.c,1
variant44590.c,1
variant44642.c,1
variant44680.c,1
variant44789.c,1
variant44854.c,1
variant44878.c,1
variant44955.c,1
variant44956.c,25
variant44973.c,27
variant45172.c,1
variant45204.c,1
variant45279.c,1
variant45310.c,1
variant45322.c,1
variant45365.c,1
variant45406.c,1
variant45458.c,1
variant45500.c,1
variant45544.c,1
variant45574.c,1
variant45619.c,1
variant45689.c,1
variant45702.c,1
variant4580.c,1
variant4580_1.c,1
variant4580_2.c,1
variant4580_3.c,1
variant4580_4.c,1
variant4580_5.c,1
variant4580_6.c,1
variant4580_7.c,1
variant4580_8.c,1
variant45994.c,1
variant46013.c,1
variant46153.c,1
variant46327.c,1
variant46415.c,1
variant46465.c,1
variant46523.c,1
variant46535.c,25
variant46562.c,1
variant4658.c,1
variant4658_1.c,1
variant4658_2.c,1
variant4658_3.c,30
variant4658_4.c,1
variant4658_5.c,1
variant4658_6.c,1
variant4658_7.c,1
variant4658_8.c,1
variant46596.c,1
variant46733.c,1
variant46809.c,20
variant46845.c,1
variant46916.c,1
variant46932.c,1
variant46955.c,1
variant46996.c,1
variant47029.c,1
variant47054.c,1
variant47187.c,1
variant47196.c,1
variant47298.c,1
variant47331.c,1
variant47400.c,1
variant47566.c,1
variant47675.c,1
variant47689.c,1
variant47737.c,1
variant47766.c,1
variant4777.c,1
variant4777_1.c,1
variant4777_2.c,1
variant4777_3.c,1
variant4777_4.c,1
variant4777_5.c,1
variant4777_6.c,1
variant4777_7.c,1
variant4777_8.c,1
variant47775.c,1
variant47821.c,1
variant47908.c,1
variant47972.c,1
variant480.c,1
variant480_1.c,1
variant480_2.c,1
variant480_3.c,1
variant480_4.c,1
variant480_5.c,1
variant480_6.c,1
variant480_7.c,1
variant480_8.c,1
variant48072.c,1
variant48078.c,1
variant48118.c,30
variant48168.c,1
variant48259.c,1
variant48391.c,1
variant48449.c,1
variant48570.c,1
variant48588.c,1
variant4874_6.c,1
variant4874_8.c,1
variant48777.c,1
variant4887_2.c,19
variant4887_3.c,19
variant4887_5.c,19
variant4887_6.c,19
variant4887_7.c,19
variant48886.c,1
variant4894.c,1
variant4894_1.c,1
variant4894_2.c,1
variant4894_3.c,1
variant4894_4.c,1
variant4894_5.c,1
variant4894_6.c,1
variant4894_7.c,1
variant4894_8.c,1
variant48988.c,1
variant4903.c,1
variant4903_1.c,1
variant4903_2.c,1
variant4903_3.c,1
variant4903_4.c,1
variant4903_5.c,1
variant4903_6.c,1
variant4903_7.c,1
variant4903_8.c,1
variant49031.c,1
variant49245.c,1
variant49288.c,1
variant49395.c,1
variant49421.c,1
variant49456.c,1
variant49603.c,1
variant49640.c,1
variant49718.c,1
variant49783.c,1
variant50020.c,1
variant50333.c,1
variant50364.c,1
variant50410.c,1
variant50412.c,1
variant50414.c,1
variant50493.c,1
variant50537.c,1
variant50770.c,1
variant51037.c,1
variant51049.c,1
variant51359.c,1
variant51381.c,1
variant51387.c,1
variant51397.c,21
variant51473.c,1
variant51637.c,1
variant51709.c,1
variant5171.c,1
variant5171_1.c,1
variant5171_2.c,1
variant5171_3.c,1
variant5171_4.c,1
variant5171_5.c,1
variant5171_6.c,1
variant5171_7.c,1
variant5171_8.c,1
variant51763.c,1
variant5180.c,1
variant5180_1.c,1
variant5180_2.c,7
variant5180_3.c,1
variant5180_4.c,1
variant5180_5.c,1
variant5180_6.c,1
variant5180_7.c,1
variant5180_8.c,1
variant51830.c,1
variant51871.c,1
variant52008.c,1
variant52038.c,1
variant52125.c,1
variant52126.c,1
variant52137.c,1
variant52138.c,1
variant52157.c,1
variant52185.c,1
variant5219.c,1
variant5219_1.c,1
variant5219_2.c,1
variant5219_3.c,1
variant5219_4.c,1
variant5219_5.c,1
variant5219_6.c,1
variant5219_7.c,24
variant5219_8.c,1
variant52366.c,1
variant52376.c,1
variant52419.c,1
variant52513.c,1
variant52622.c,1
variant52661.c,1
variant52704.c,1
variant52735.c,1
variant52958.c,1
variant53059.c,1
variant5310.c,1
variant5310_1.c,1
variant5310_2.c,1
variant5310_3.c,1
variant5310_4.c,1
variant5310_5.c,1
variant5310_6.c,1
variant5310_7.c,1
variant5310_8.c,1
variant53153.c,1
variant53241.c,1
variant53365.c,1
variant53684.c,1
variant53817.c,1
variant53873.c,1
variant5401.c,30
variant5401_1.c,30
variant5401_4.c,30
variant5401_5.c,18
variant5401_6.c,18
variant5401_7.c,30
variant5401_8.c,30
variant54034.c,1
variant54191.c,1
variant54260.c,1
variant5430.c,1
variant5430_1.c,1
variant5430_2.c,1
variant5430_3.c,1
variant5430_4.c,1
variant5430_5.c,1
variant5430_6.c,1
variant5430_7.c,1
variant5430_8.c,1
variant54300.c,1
variant5437_2.c,18
variant5437_3.c,1
variant5437_4.c,1
variant5437_6.c,18
variant5437_7.c,1
variant5437_8.c,1
variant54463.c,1
variant54512.c,1
variant54556.c,1
variant54621.c,1
variant54780.c,1
variant54809.c,1
variant5491.c,1
variant5491_1.c,1
variant5491_2.c,1
variant5491_3.c,1
variant5491_4.c,1
variant5491_5.c,1
variant5491_6.c,1
variant5491_7.c,1
variant5491_8.c,1
variant55095.c,1
variant55109.c,1
variant55150.c,1
variant5520.c,7
variant5520_1.c,1
variant5520_2.c,1
variant5520_3.c,1
variant5520_4.c,1
variant5520_5.c,1
variant5520_6.c,1
variant5520_7.c,1
variant5520_8.c,1
variant55443.c,1
variant55520.c,1
variant55536.c,1
variant55611.c,1
variant55614.c,1
variant55631.c,1
variant55698.c,1
variant5571.c,1
variant5571_1.c,1
variant5571_2.c,1
variant5571_3.c,9
variant5571_4.c,1
variant5571_5.c,1
variant5571_6.c,1
variant5571_7.c,1
variant5571_8.c,1
variant55810.c,1
variant55864.c,1
variant55915.c,1
variant55926.c,1
variant56099.c,1
variant56155.c,1
variant56202.c,1
variant56204.c,1
variant56276.c,30
variant56289.c,1
variant56384.c,1
variant56416.c,1
variant5642.c,1
variant5642_1.c,1
variant5642_2.c,1
variant5642_3.c,1
variant5642_4.c,1
variant5642_5.c,1
variant5642_6.c,1
variant5642_7.c,1
variant5642_8.c,1
variant56460.c,1
variant56472.c,1
variant56665.c,1
variant56666.c,1
variant56718.c,1
variant56756.c,1
variant56859.c,1
variant56946.c,1
variant5697.c,1
variant5697_1.c,1
variant5697_2.c,1
variant5697_3.c,1
variant5697_4.c,1
variant5697_5.c,30
variant5697_6.c,1
variant5697_7.c,1
variant5697_8.c,1
variant5719.c,1
variant5719_1.c,1
variant5719_2.c,1
variant5719_3.c,1
variant5719_4.c,1
variant5719_5.c,1
variant5719_6.c,1
variant5719_7.c,1
variant5719_8.c,1
variant57275.c,1
variant57285.c,1
variant57327.c,1
variant57425.c,1
variant57442.c,1
variant57494.c,1
variant57523.c,1
variant57566.c,1
variant57593.c,1
variant57701.c,1
variant57770.c,1
variant57853.c,1
variant57884.c,1
variant57942.c,1
variant58039.c,1
variant58114.c,25
variant58289.c,5
variant58343.c,1
variant58361.c,1
variant58427.c,1
variant58468.c,1
variant5847.c,1
variant5847_1.c,1
variant5847_2.c,1
variant5847_3.c,1
variant5847_4.c,1
variant5847_5.c,1
variant5847_6.c,1
variant5847_7.c,1
variant5847_8.c,1
variant58546.c,1
variant58583.c,1
variant58680.c,1
variant5874_1.c,17
variant5874_3.c,17
variant5874_5.c,17
variant58812.c,1
variant58814.c,1
variant58833.c,1
variant58840.c,1
variant58857.c,1
variant58866.c,1
variant58892.c,1
variant58973.c,1
variant59043.c,1
variant59061.c,1
variant5911_2.c,1
variant5911_3.c,1
variant5911_4.c,1
variant5911_5.c,1
variant5911_6.c,1
variant5911_7.c,1
variant5911_8.c,1
variant59261.c,1
variant59340.c,1
variant59371.c,1
variant5940.c,1
variant5940_1.c,1
variant5940_2.c,1
variant5940_3.c,1
variant5940_4.c,1
variant5940_5.c,1
variant5940_6.c,1
variant5940_7.c,1
variant5940_8.c,1
variant59602.c,26
variant59645.c,1
variant59675.c,1
variant59720.c,1
variant5974.c,1
variant60015.c,1
variant60117.c,1
variant60174.c,1
variant60255.c,1
variant60354.c,1
variant60368.c,1
variant6039_2.c,17
variant6039_3.c,17
variant6039_8.c,17
variant60471.c,1
variant60551.c,30
variant60607.c,1
variant60662.c,1
variant60702.c,1
variant60719.c,1
variant60873.c,1
variant6095.c,1
variant6095_1.c,1
variant6095_2.c,1
variant6095_3.c,1
variant6095_4.c,1
variant6095_5.c,1
variant6095_6.c,1
variant6095_7.c,1
variant6095_8.c,1
variant60992.c,1
variant61050.c,1
variant61094.c,1
variant61209.c,1
variant61224.c,1
variant61386.c,1
variant61421.c,1
variant6160.c,1
variant6160_1.c,1
variant6160_2.c,1
variant6160_3.c,1
variant6160_4.c,1
variant6160_5.c,1
variant6160_6.c,1
variant6160_7.c,1
variant6160_8.c,1
variant61653.c,1
variant61803.c,1
variant61845.c,1
variant61969.c,1
variant61991.c,1
variant62070.c,1
variant62113.c,1
variant62124.c,1
variant62145.c,1
variant6226.c,1
variant6226_1.c,1
variant6226_2.c,1
variant6226_3.c,1
variant6226_4.c,1
variant6226_5.c,1
variant6226_6.c,1
variant6226_7.c,1
variant6226_8.c,1
variant62288.c,1
variant62292.c,1
variant62308.c,1
variant62309.c,1
variant624.c,26
variant624_3.c,26
variant62411.c,1
variant62569.c,1
variant62581.c,1
variant6259.c,1
variant6259_1.c,1
variant6259_2.c,1
variant6259_3.c,1
variant6259_4.c,1
variant6259_5.c,1
variant6259_6.c,1
variant6259_7.c,1
variant6259_8.c,1
variant62707.c,30
variant62713.c,25
variant62757.c,1
variant62808.c,1
variant62986.c,1
variant63016.c,1
variant63033.c,1
variant63135.c,1
variant6314.c,1
variant6314_1.c,1
variant6314_2.c,1
variant6314_3.c,1
variant6314_4.c,1
variant6314_5.c,1
variant6314_6.c,1
variant6314_7.c,1
variant6314_8.c,1
variant63142.c,1
variant63213.c,1
variant6322.c,1
variant6322_1.c,1
variant6322_2.c,1
variant6322_3.c,1
variant6322_4.c,1
variant6322_5.c,1
variant6322_6.c,1
variant6322_7.c,1
variant6322_8.c,1
variant63305.c,1
variant63439.c,1
variant63454.c,1
variant63470.c,1
variant63577.c,1
variant6364_1.c,17
variant6364_2.c,17
variant6364_5.c,17
variant6364_6.c,17
variant6364_8.c,17
variant6368.c,1
variant6368_1.c,1
variant6368_2.c,1
variant6368_3.c,1
variant6368_4.c,1
variant6368_5.c,1
variant6368_6.c,1
variant6368_7.c,1
variant6368_8.c,1
variant63735.c,1
variant63762.c,1
variant63766.c,1
variant63807.c,1
variant63828.c,1
variant63996.c,1
variant64119.c,1
variant64141.c,1
variant64237.c,1
variant64295.c,1
variant64404.c,1
variant6447_1.c,17
variant6447_3.c,17
variant6447_5.c,17
variant6447_7.c,1
variant64647.c,1
variant64699.c,1
variant6508_5.c,1
variant6508_7.c,1
variant6508_8.c,1
variant65163.c,1
variant65191.c,1
variant65281.c,1
variant65320.c,1
variant6535.c,1
variant6535_1.c,1
variant6535_2.c,1
variant6535_3.c,1
variant6535_4.c,1
variant6535_5.c,1
variant6535_6.c,1
variant6535_7.c,1
variant6535_8.c,1
variant65351.c,1
variant65392.c,1
variant65408.c,1
variant65430.c,1
variant65454.c,25
variant65498.c,1
variant65785.c,1
variant65862.c,26
variant65945.c,1
variant65985.c,1
variant66194.c,30
variant66306.c,26
variant66399.c,1
variant66433.c,1
variant66466.c,1
variant66526.c,1
variant66612.c,1
variant66706.c,1
variant66770.c,1
variant66773.c,1
variant66853.c,1
variant6702.c,1
variant6702_1.c,1
variant6702_2.c,1
variant6702_3.c,1
variant6702_4.c,1
variant6702_5.c,1
variant6702_6.c,1
variant6702_7.c,1
variant6702_8.c,1
variant67038.c,1
variant67076.c,1
variant67277.c,1
variant67455.c,1
variant67551.c,1
variant67589.c,1
variant67605.c,1
variant67727.c,1
variant67906.c,1
variant68162.c,1
variant68178.c,1
variant68267.c,1
variant68377.c,1
variant68380.c,1
variant68421.c,1
variant68428.c,1
variant68565.c,1
variant68572.c,1
variant68620.c,1
variant68680.c,1
variant68727.c,1
variant68761.c,1
variant68805.c,1
variant68941.c,1
variant68949.c,1
variant68955.c,30
variant68960.c,1
variant69018.c,1
variant69027.c,1
variant69116.c,1
variant69161.c,1
variant69225.c,1
variant69310.c,1
variant69465.c,1
variant69585.c,1
variant69621.c,1
variant69853.c,1
variant7012.c,1
variant7012_2.c,1
variant7012_4.c,1
variant7012_5.c,1
variant70194.c,1
variant70252.c,1
variant70270.c,1
variant70323.c,1
variant70339.c,1
variant70344.c,1
variant7036_2.c,17
variant7036_7.c,17
variant7036_8.c,17
variant70554.c,1
variant70627.c,1
variant7069.c,1
variant7069_1.c,1
variant7069_2.c,1
variant7069_3.c,1
variant7069_4.c,1
variant7069_5.c,1
variant7069_6.c,1
variant7069_7.c,1
variant7069_8.c,7
variant70692.c,18
variant70736.c,1
variant70765.c,1
variant70885.c,1
variant70959.c,1
variant71306.c,1
variant71348.c,1
variant71555.c,1
variant71568.c,1
variant71619.c,1
variant7165_3.c,1
variant7165_4.c,1
variant7165_5.c,1
variant7165_6.c,1
variant7165_7.c,1
variant7183.c,1
variant7183_1.c,1
variant7183_2.c,1
variant7183_3.c,1
variant7183_4.c,1
variant7183_5.c,1
variant7183_6.c,1
variant7183_7.c,1
variant7183_8.c,1
variant72044.c,25
variant72104.c,1
variant72291.c,18
variant72326.c,1
variant72630.c,1
variant7264.c,1
variant7264_1.c,1
variant7264_2.c,1
variant7264_3.c,1
variant7264_4.c,1
variant7264_5.c,1
variant7264_6.c,1
variant7264_7.c,1
variant7264_8.c,1
variant72642.c,1
variant72700.c,1
variant72776.c,1
variant72863.c,1
variant72942.c,1
variant72972.c,1
variant73159.c,1
variant73408.c,13
variant73420.c,1
variant73441.c,1
variant73513.c,1
variant73525.c,1
variant73530.c,1
variant73567.c,1
variant73577.c,1
variant73581.c,1
variant73610.c,1
variant73632.c,1
variant73711.c,1
variant73801.c,1
variant7381.c,1
variant7381_1.c,1
variant7381_2.c,30
variant7381_3.c,1
variant7381_4.c,1
variant7381_5.c,1
variant7381_6.c,1
variant7381_7.c,1
variant7381_8.c,1
variant73867.c,1
variant73993.c,1
variant74007.c,1
variant74010.c,1
variant7406.c,1
variant7406_1.c,1
variant7406_2.c,1
variant7406_3.c,1
variant7406_4.c,1
variant7406_5.c,1
variant7406_6.c,1
variant7406_7.c,1
variant7406_8.c,1
variant74127.c,1
variant74338.c,1
variant7434.c,1
variant7434_1.c,1
variant7434_2.c,1
variant7434_3.c,1
variant7434_4.c,1
variant7434_5.c,1
variant7434_6.c,1
variant7434_7.c,1
variant7434_8.c,1
variant74567.c,1
variant74586.c,1
variant74767.c,1
variant75042.c,1
variant75050.c,1
variant75067.c,1
variant75174.c,25
variant75198.c,1
variant75273.c,1
variant75289.c,1
variant75315.c,1
variant75440.c,1
variant75441.c,1
variant75571.c,1
variant75589.c,1
variant75625.c,1
variant7567.c,1
variant7567_1.c,1
variant7567_2.c,1
variant7567_3.c,1
variant7567_4.c,1
variant7567_5.c,1
variant7567_6.c,1
variant7567_7.c,1
variant7567_8.c,1
variant75749.c,1
variant75781.c,1
variant75782.c,1
variant75809.c,1
variant75820.c,1
variant75827.c,1
variant75834.c,1
variant75907.c,30
variant75948.c,1
variant76082.c,1
variant76105.c,1
variant76174.c,1
variant76272.c,1
variant76295.c,1
variant76600.c,1
variant7661.c,1
variant7661_1.c,1
variant7661_2.c,1
variant7661_3.c,1
variant7661_4.c,1
variant7661_5.c,1
variant7661_6.c,1
variant7661_7.c,1
variant7661_8.c,1
variant76673.c,1
variant76781.c,1
variant76783.c,1
variant76818.c,1
variant76988.c,1
variant77045.c,25
variant77088.c,1
variant77103.c,1
variant77121.c,1
variant7723_4.c,26
variant77234.c,1
variant77409.c,1
variant77443.c,1
variant77609.c,1
variant77652.c,1
variant77808.c,1
variant77885.c,1
variant77903.c,1
variant78009.c,1
variant78027.c,1
variant78029.c,1
variant78061.c,1
variant7829.c,1
variant7829_1.c,1
variant7829_2.c,1
variant7829_3.c,1
variant7829_4.c,1
variant7829_5.c,1
variant7829_6.c,1
variant7829_7.c,1
variant7829_8.c,1
variant78327.c,1
variant78335.c,1
variant78370.c,1
variant78398.c,25
variant78623.c,1
variant78651.c,1
variant78683.c,1
variant78753.c,1
variant79032.c,1
variant79102.c,1
variant79107.c,1
variant79129.c,1
variant79247.c,1
variant7926.c,1
variant7926_1.c,1
variant7926_2.c,1
variant7926_3.c,1
variant7926_4.c,1
variant7926_5.c,1
variant7926_6.c,1
variant7926_7.c,1
variant7926_8.c,1
variant79436.c,1
variant79459.c,1
variant79463.c,1
variant79500.c,1
variant79517.c,1
variant7963_1.c,17
variant7963_4.c,17
variant79664.c,1
variant79692.c,1
variant79792.c,27
variant79881.c,30
variant79925.c,1
variant79987.c,26
variant80021.c,1
variant80128.c,1
variant80199.c,1
variant80207.c,1
variant8022.c,1
variant8022_1.c,1
variant8022_2.c,1
variant8022_3.c,1
variant8022_4.c,1
variant8022_5.c,1
variant8022_6.c,1
variant8022_7.c,1
variant8022_8.c,1
variant80234.c,1
variant8025.c,1
variant8025_1.c,1
variant8025_2.c,1
variant8025_3.c,1
variant8025_4.c,1
variant8025_5.c,1
variant8025_6.c,1
variant8025_7.c,1
variant8025_8.c,1
variant80255.c,1
variant80355.c,1
variant80403.c,1
variant80410.c,1
variant80497.c,3
variant80512.c,1
variant80578.c,1
variant80587.c,1
variant80627.c,1
variant80644.c,1
variant80694.c,1
variant80711.c,1
variant8085.c,23
variant8085_1.c,23
variant8085_2.c,14
variant8085_3.c,23
variant8085_4.c,14
variant8085_5.c,14
variant8085_6.c,14
variant8085_7.c,34
variant8085_8.c,6
variant80879.c,1
variant80982.c,1
variant81002.c,1
variant81012.c,1
variant81022.c,1
variant81029.c,1
variant81041.c,1
variant81075.c,30
variant81084.c,21
variant81119.c,1
variant8117.c,15
variant8117_7.c,15
variant81202.c,1
variant81203.c,1
variant81282.c,31
variant8132_1.c,2
variant8132_2.c,2
variant8132_3.c,2
variant8132_4.c,2
variant8132_5.c,2
variant8132_6.c,30
variant81387.c,1
variant81421.c,1
variant81466.c,1
variant81468.c,1
variant81479.c,1
variant81515.c,1
variant81524.c,1
variant81562.c,1
variant81618.c,1
variant81694.c,1
variant81843.c,1
variant81906.c,1
variant82020.c,1
variant82109.c,1
variant82223.c,1
variant82290.c,1
variant82298.c,1
variant82737.c,1
variant82877.c,14
variant82910.c,1
variant83031.c,1
variant83066.c,1
variant83116.c,1
variant83119.c,1
variant83227.c,1
variant83239.c,1
variant83596.c,1
variant83597.c,1
variant83610.c,1
variant83646.c,1
variant83684.c,1
variant83705.c,1
variant83731.c,1
variant83778.c,1
variant83797.c,1
variant83801.c,34
variant83894.c,1
variant83916.c,1
variant83993.c,25
variant84020.c,1
variant84147.c,1
variant84198.c,1
variant84301.c,1
variant84348.c,1
variant84368.c,1
variant84371.c,1
variant84635.c,1
variant84682.c,1
variant84730.c,1
variant84788.c,1
variant84836.c,30
variant84868.c,1
variant84885.c,1
variant84948.c,1
variant84975.c,1
variant8499.c,1
variant8499_1.c,1
variant8499_2.c,1
variant8499_3.c,1
variant8499_4.c,1
variant8499_5.c,1
variant8499_6.c,1
variant8499_7.c,1
variant8499_8.c,1
variant85002.c,1
variant85037.c,1
variant85361.c,1
variant85375.c,1
variant85418.c,1
variant8543.c,30
variant8543_1.c,1
variant8543_2.c,1
variant8543_3.c,1
variant8543_4.c,30
variant8543_5.c,1
variant8543_6.c,1
variant8543_7.c,1
variant8543_8.c,1
variant85567.c,1
variant85600.c,1
variant85626.c,1
variant85662.c,1
variant8587.c,1
variant8587_1.c,1
variant8587_2.c,30
variant8587_5.c,1
variant8587_6.c,1
variant8587_7.c,1
variant8587_8.c,1
variant85896.c,1
variant85926.c,1
variant85973.c,1
variant85978.c,1
variant86195.c,1
variant86249.c,1
variant86280.c,1
variant86291.c,1
variant86356.c,1
variant86407.c,1
variant86504.c,1
variant86544.c,1
variant86571.c,1
variant86609.c,1
variant8667.c,1
variant8667_1.c,1
variant8667_2.c,1
variant8667_3.c,1
variant8667_4.c,1
variant8667_5.c,1
variant8667_6.c,1
variant8667_7.c,1
variant8667_8.c,1
variant86789.c,1
variant86857.c,1
variant86921.c,1
variant86964.c,1
variant87015.c,29
variant87077.c,1
variant87210.c,1
variant87256.c,1
variant87368.c,1
variant87391.c,1
variant87514.c,30
variant87570.c,1
variant8764.c,1
variant8764_1.c,1
variant8764_2.c,1
variant8764_3.c,1
variant8764_4.c,1
variant8764_5.c,30
variant8764_6.c,1
variant8764_7.c,1
variant8764_8.c,1
variant87732.c,1
variant87784.c,1
variant87801.c,1
variant88040.c,1
variant88086.c,1
variant88416.c,1
variant88490.c,1
variant88565.c,25
variant88601.c,1
variant88719.c,1
variant88812.c,1
variant88854.c,1
variant88857.c,1
variant88875.c,1
variant89065.c,1
variant89093.c,1
variant8936.c,1
variant8936_1.c,1
variant8936_2.c,1
variant8936_4.c,1
variant8936_6.c,1
variant8936_8.c,1
variant89439.c,1
variant89577.c,1
variant8959.c,1
variant8959_1.c,1
variant8959_2.c,1
variant8959_3.c,1
variant8959_4.c,1
variant8959_5.c,1
variant8959_6.c,1
variant8959_7.c,1
variant8959_8.c,1
variant89606.c,1
variant89676.c,1
variant89695.c,26
variant89711.c,1
variant89755.c,1
variant89793.c,1
variant89809.c,1
variant89899.c,1
variant89922.c,1
variant89927.c,1
variant90062.c,1
variant90134.c,1
variant90288.c,1
variant90332.c,1
variant90440.c,1
variant90537.c,1
variant90549.c,1
variant90597.c,1
variant90635.c,1
variant9070.c,1
variant9070_1.c,1
variant9070_2.c,1
variant9070_3.c,1
variant9070_4.c,1
variant9070_5.c,1
variant9070_6.c,1
variant9070_7.c,1
variant9070_8.c,1
variant90771.c,1
variant90807.c,1
variant90929.c,1
variant91089.c,1
variant91194.c,1
variant91219.c,30
variant91251.c,1
variant91280.c,1
variant91313.c,1
variant91350.c,1
variant91681.c,1
variant91835.c,1
variant91922.c,1
variant91930.c,1
variant91942.c,1
variant92026.c,1
variant9203.c,1
variant9203_1.c,1
variant9203_2.c,1
variant9203_3.c,1
variant9203_4.c,1
variant9203_5.c,1
variant9203_6.c,1
variant9203_7.c,1
variant9203_8.c,1
variant92155.c,1
variant92163.c,1
variant92255.c,1
variant92318.c,1
variant92325.c,1
variant9247.c,1
variant9247_1.c,1
variant9247_2.c,1
variant9247_3.c,1
variant9247_4.c,1
variant9247_5.c,1
variant9247_6.c,1
variant9247_7.c,1
variant9247_8.c,1
variant92470.c,1
variant92544.c,1
variant92843.c,1
variant92850.c,1
variant92859.c,1
variant92873.c,1
variant92946.c,1
variant92967.c,1
variant93013.c,1
variant93067.c,1
variant9309.c,1
variant9309_1.c,1
variant9309_2.c,1
variant9309_3.c,1
variant9309_4.c,1
variant9309_5.c,1
variant9309_6.c,1
variant9309_7.c,1
variant9309_8.c,1
variant93272.c,1
variant93287.c,1
variant93300.c,1
variant93321.c,1
variant93341.c,1
variant93453.c,1
variant93472.c,1
variant93511.c,14
variant93531.c,1
variant93857.c,1
variant9390_1.c,1
variant9390_5.c,1
variant9393_3.c,18
variant9393_5.c,18
variant9393_6.c,18
variant9393_7.c,18
variant9393_8.c,18
variant93975.c,1
variant94009.c,1
variant94034.c,1
variant9405.c,1
variant9405_1.c,1
variant9405_2.c,1
variant9405_3.c,1
variant9405_4.c,1
variant9405_5.c,1
variant9405_6.c,1
variant9405_7.c,1
variant9405_8.c,1
variant9427.c,1
variant9427_1.c,1
variant9427_2.c,7
variant9427_3.c,1
variant9427_4.c,1
variant9427_5.c,1
variant9427_6.c,1
variant9427_7.c,1
variant9427_8.c,1
variant94271.c,1
variant9428_1.c,1
variant9428_3.c,1
variant9428_5.c,1
variant9428_6.c,1
variant94298.c,1
variant94354.c,1
variant94389.c,1
variant94463.c,1
variant94551.c,14
variant9456.c,1
variant9456_1.c,1
variant9456_2.c,1
variant9456_3.c,1
variant9456_4.c,1
variant9456_5.c,1
variant9456_6.c,1
variant9456_7.c,1
variant9456_8.c,1
variant94561.c,1
variant94572.c,1
variant94584.c,1
variant94613.c,1
variant94983.c,1
variant9504.c,1
variant9504_1.c,1
variant9504_2.c,1
variant9504_3.c,1
variant9504_4.c,1
variant9504_5.c,1
variant9504_6.c,1
variant9504_7.c,1
variant9504_8.c,1
variant95088.c,1
variant95098.c,1
variant95127.c,1
variant95152.c,1
variant95341.c,1
variant95446.c,1
variant95517.c,1
variant95567.c,1
variant95574.c,1
variant95592.c,1
variant95607.c,1
variant95649.c,1
variant95724.c,1
variant95809.c,1
variant96123.c,1
variant96125.c,1
variant96330.c,1
variant96339.c,1
variant96369.c,1
variant96388.c,1
variant96430.c,1
variant96624.c,1
variant96668.c,1
variant96724.c,1
variant96780.c,1
variant96806.c,1
variant96827.c,1
variant96979.c,1
variant97126.c,1
variant97159.c,1
variant9718.c,1
variant9718_1.c,1
variant9718_2.c,1
variant9718_3.c,1
variant9718_4.c,7
variant9718_5.c,1
variant9718_6.c,1
variant9718_7.c,1
variant9718_8.c,1
variant97239.c,1
variant97351.c,1
variant97642.c,1
variant97644.c,1
variant97663.c,1
variant97837.c,1
variant97854.c,1
variant97882.c,1
variant97897.c,1
variant98044.c,1
variant98045.c,1
variant98106.c,1
variant98212.c,1
variant9851.c,30
variant9851_2.c,1
variant9851_4.c,30
variant9851_5.c,1
variant98512.c,1
variant9856.c,1
variant9856_1.c,1
variant9856_2.c,1
variant9856_3.c,1
variant9856_4.c,1
variant9856_5.c,1
variant9856_6.c,1
variant9856_7.c,1
variant9856_8.c,1
variant98595.c,1
variant98604.c,1
variant98652.c,1
variant98666.c,1
variant98755.c,29
variant98770.c,1
variant98783.c,1
variant98852.c,30
variant9888_3.c,27
variant99056.c,1
variant99077.c,1
variant99089.c,1
variant99093.c,1
variant99160.c,1
variant99165.c,1
variant9917.c,1
variant9917_1.c,1
variant9917_2.c,1
variant9917_3.c,1
variant9917_4.c,1
variant9917_5.c,1
variant9917_6.c,1
variant9917_7.c,1
variant9917_8.c,1
variant99201.c,1
variant99215.c,1
variant99234.c,1
variant99236.c,1
variant99268.c,1
variant99379.c,1
variant9942_4.c,1
variant9942_8.c,1
variant99597.c,1
variant9972_1.c,26
variant9972_3.c,26
variant9972_8.c,26
variant99749.c,1
variant9977.c,1
variant9977_1.c,1
variant9977_2.c,1
variant9977_3.c,1
variant9977_4.c,1
variant9977_5.c,1
variant9977_6.c,1
variant9977_7.c,1
variant9977_8.c,1
variant99907.c,25
variant99939.c,30
